GeneSymbol	n	Tissues
1	KDM6A	41	22
2	DDX3X	35	10
3	ZFX	33	19
4	XIST	32	29
5	KDM5C	23	19
6	SORBS2	22	4
7	NDRG4	21	4
8	PUDP	19	14
9	ASAH1	19	1
10	JPX	16	9
11	MUC1	16	1
12	MDM2	16	1
13	ANK3	15	3
14	DDR1	15	2
15	ARIH2	14	3
16	DMKN	14	1
17	RAB17	12	2
18	CD44	12	2
19	CPAMD8	11	3
20	SPEG	11	3
21	UBE3A	11	2
22	NDRG2	11	2
23	SORBS1	11	2
24	TLE4	11	1
25	TBL1XR1	11	1
26	MLH1	11	1
27	PKD1	11	1
28	FGFR2	10	2
29	TMEM71	10	2
30	FGFR1	10	2
31	SELE	10	2
32	PLCXD1	9	6
33	DNM1L	9	2
34	RHOH	9	1
35	DTNB	9	1
36	ARFGAP2	9	2
37	HPS5	9	2
38	IDH3A	9	1
39	EIF1AX	8	8
40	DLG1	8	3
41	FAM49B	8	3
42	IFT122	8	2
43	MAP2K4	8	2
44	PLEKHB1	8	1
45	ST5	8	1
46	STXBP2	8	2
47	FER1L4	8	1
48	TMEM25	8	1
49	ETV1	8	2
50	NF2	8	2
51	PRKCZ	8	2
52	SMARCA2	8	2
53	MARS	8	1
54	MATR3	8	1
55	MED24	8	1
56	COL4A6	7	2
57	CES1	7	3
58	PDLIM3	7	3
59	NLRP2	7	4
60	DLG3	7	3
61	PRSS16	7	2
62	CDK18	7	1
63	EPN3	7	1
64	PSD4	7	2
65	RPS6KA1	7	1
66	CDH1	7	1
67	CTNND1	7	2
68	GRAMD3	7	2
69	GGT1	7	2
70	DAG1	7	2
71	DMD	7	2
72	HPGD	7	2
73	PYCR1	7	2
74	RCAN3	7	2
75	TPD52	7	3
76	DDX19A	7	1
77	MOB4	7	1
78	PIGA	7	1
79	SLC35A2	7	1
80	MCCC1	7	1
81	DBNL	7	1
82	ITGA7	6	3
83	ABI2	6	3
84	GAPVD1	6	2
85	VEZT	6	2
86	ZNF385B	6	4
87	CNTNAP3	6	3
88	SRGAP3	6	2
89	SYNE1	6	3
90	PBRM1	6	3
91	R3HDM1	6	2
92	WNK2	6	3
93	CABYR	6	1
94	CD6	6	1
95	LMO7	6	2
96	RAP1GAP	6	1
97	SIGLEC10	6	1
98	TRAF3IP3	6	1
99	TTYH1	6	2
100	DST	6	2
101	INPP5J	6	2
102	ITGB7	6	1
103	PLXNB1	6	2
104	TMEM79	6	2
105	ZNF185	6	1
106	ATL2	6	2
107	PMEL	6	1
108	LIMCH1	6	2
109	MYO9A	6	2
110	SLC38A1	6	2
111	STAP2	6	1
112	TTLL4	6	1
113	CANX	6	1
114	PRMT5	6	1
115	USP28	6	1
116	ZEB2	6	1
117	APLP2	6	1
118	ATG9A	6	1
119	CLIP1	6	1
120	SYNRG	6	1
121	WDR41	6	1
122	XPNPEP1	6	1
123	EIF2A	6	1
124	DPP3	6	1
125	PRUNE1	6	1
126	RAP1GDS1	6	1
127	USP14	6	1
128	ACADVL	5	2
129	GYG2	5	2
130	METAP1	5	3
131	MYH14	5	3
132	WARS	5	4
133	ABCA2	5	3
134	CACNA1C	5	3
135	CACNB4	5	2
136	CAP2	5	2
137	CHI3L2	5	2
138	CYFIP2	5	3
139	MACF1	5	3
140	MARK3	5	2
141	PDE2A	5	2
142	PPM1K	5	2
143	RBFOX1	5	2
144	RBM23	5	2
145	SMPD4	5	2
146	ADGRG1	5	1
147	AP1M2	5	1
148	CNKSR1	5	1
149	GUCY1A3	5	2
150	IGSF9	5	1
151	LARGE2	5	1
152	PEG3	5	2
153	SCNN1A	5	1
154	SPINT1	5	1
155	TNNT2	5	2
156	TREM2	5	2
157	ZNF561	5	2
158	CCDC69	5	2
159	COL25A1	5	1
160	GCNT2	5	2
161	ITGB6	5	2
162	SLC4A7	5	2
163	TCF7	5	1
164	AKAP13	5	2
165	ARHGAP8	5	1
166	PLXDC1	5	1
167	CAPN12	5	1
168	NSG1	5	1
169	SEMA4B	5	2
170	ALB	5	1
171	ALPL	5	2
172	CAST	5	2
173	CCDC14	5	2
174	GCOM1	5	2
175	MYO18A	5	2
176	MYOT	5	2
177	NEDD4L	5	2
178	PODNL1	5	1
179	SYNE2	5	2
180	TCF7L2	5	2
181	USP54	5	2
182	ADSL	5	1
183	FAM73B	5	1
184	PIK3CB	5	1
185	YTHDF3	5	1
186	BRWD1	5	1
187	FLII	5	1
188	HYOU1	5	1
189	JKAMP	5	1
190	MPHOSPH9	5	1
191	NDUFV1	5	1
192	OS9	5	1
193	RDH11	5	1
194	SLC11A1	5	1
195	RAD17	5	1
196	CTNND2	5	2
197	ACAD8	5	1
198	ACP2	5	1
199	ALG9	5	1
200	ATP2C1	5	1
201	BLOC1S6	5	1
202	CHN2	5	1
203	CHP1	5	1
204	CUX1	5	1
205	DLST	5	1
206	EIF4G2	5	1
207	EMC4	5	1
208	KIF21A	5	1
209	KLHDC4	5	2
210	LDHA	5	1
211	LRRFIP2	5	1
212	LYPLA1	5	1
213	NCAM1	5	2
214	NKIRAS2	5	1
215	OCIAD1	5	1
216	P4HB	5	1
217	PARK2	5	1
218	PRPSAP2	5	1
219	PSMD2	5	1
220	THEMIS2	5	1
221	TRIQK	5	1
222	USP8	5	1
223	YIF1A	5	1
224	YY1AP1	5	1
225	FADS1	4	3
226	DMRT2	4	3
227	ATP6V0A1	4	3
228	CALD1	4	2
229	ERBB2	4	3
230	MTMR1	4	2
231	PDLIM5	4	2
232	PNPLA4	4	4
233	SGSM1	4	4
234	TUBB4A	4	2
235	VDAC3	4	2
236	WLS	4	3
237	YWHAH	4	2
238	GALNT14	4	2
239	RPS4X	4	4
240	WDR45	4	2
241	SLC25A36	4	2
242	ARHGAP26	4	3
243	CACNB3	4	2
244	CD46	4	2
245	CELF1	4	2
246	FDFT1	4	2
247	HNRNPH1	4	2
248	KIAA1217	4	2
249	MCTP1	4	2
250	MEF2C	4	2
251	NCALD	4	2
252	PARG	4	2
253	PHTF2	4	2
254	PORCN	4	2
255	PRKAR1A	4	2
256	RGS6	4	2
257	SLC7A6	4	2
258	STARD4	4	2
259	TACC2	4	3
260	ZSCAN31	4	3
261	ACSM1	4	1
262	CAMK2B	4	2
263	ELMO3	4	1
264	FGF1	4	2
265	HSH2D	4	1
266	ITGA2	4	1
267	MEIS2	4	2
268	MROH7	4	1
269	OBSCN	4	2
270	PLEKHH2	4	1
271	PRSS21	4	1
272	RARB	4	2
273	SIPA1L1	4	1
274	SLFN13	4	1
275	TNIK	4	2
276	ABCC3	4	2
277	DOC2A	4	1
278	ESRP2	4	1
279	ITGA3	4	2
280	PTK7	4	1
281	RDH13	4	2
282	SEMA4A	4	1
283	TRPV4	4	1
284	WWC1	4	1
285	NRG2	4	1
286	ZNF559-ZNF177	4	2
287	ANO1	4	1
288	EPS8L2	4	1
289	MAPKBP1	4	2
290	PAK6	4	1
291	RP11-161M6.2	4	1
292	ADGRE2	4	1
293	AKAP9	4	2
294	ALG13	4	2
295	C11orf80	4	1
296	CD3D	4	1
297	CNN1	4	2
298	COCH	4	1
299	COL17A1	4	2
300	DKK3	4	2
301	EPB41	4	3
302	FHOD3	4	2
303	FNIP1	4	2
304	FOLH1	4	1
305	IQGAP2	4	1
306	KIAA1324	4	1
307	KIF23	4	1
308	KLK8	4	1
309	KRT8	4	2
310	LMAN2L	4	2
311	MBNL1	4	2
312	MLIP	4	2
313	MOK	4	2
314	MTFR1L	4	2
315	MZB1	4	1
316	PLEKHA1	4	2
317	PPFIBP1	4	2
318	PROM1	4	1
319	PTPRF	4	2
320	ROGDI	4	2
321	SCPEP1	4	1
322	SLC4A5	4	2
323	SUN1	4	2
324	TMEM144	4	2
325	TP63	4	1
326	TPD52L1	4	1
327	VAV3	4	1
328	ADAT1	4	1
329	AP4E1	4	1
330	CREM	4	1
331	IPO4	4	1
332	MTMR3	4	1
333	SNAP23	4	1
334	TNPO1	4	1
335	ZC4H2	4	1
336	AASS	4	1
337	ALDOA	4	1
338	BACE1	4	1
339	COG4	4	1
340	EXOG	4	1
341	HSPA9	4	1
342	PER1	4	1
343	PIGT	4	1
344	RAB3IP	4	1
345	SEC31A	4	1
346	SMC4	4	1
347	USB1	4	1
348	EIF4G3	4	1
349	NF1	4	1
350	PDK1	4	1
351	ARID1A	4	2
352	PDE4DIP	4	1
353	PHC1	4	1
354	SLC38A7	4	1
355	ABCB7	4	1
356	ACSL1	4	1
357	ALDH7A1	4	1
358	ANKRD27	4	1
359	ASCC2	4	1
360	ATP6V1D	4	1
361	B3GALNT1	4	2
362	CDC27	4	1
363	CERS4	4	1
364	CFAP61	4	1
365	DCAF11	4	1
366	DDHD2	4	1
367	DHX40	4	1
368	ELN	4	2
369	GSR	4	1
370	HDAC8	4	1
371	IMPA1	4	1
372	IPO5	4	1
373	IRAK1	4	1
374	KIAA0319L	4	1
375	LARGE1	4	1
376	LCN10	4	1
377	LGALS8	4	1
378	LONP1	4	1
379	MAGI1	4	1
380	MCFD2	4	1
381	METAP2	4	1
382	MMP19	4	1
383	NDUFS1	4	1
384	NUP214	4	1
385	RAB6A	4	1
386	RPN2	4	1
387	RTN3	4	1
388	SCRN3	4	1
389	SEC61A2	4	1
390	SLC35F6	4	1
391	SLC6A6	4	1
392	TP53BP1	4	1
393	TSPAN3	4	1
394	UBR1	4	1
395	UEVLD	4	1
396	USP10	4	1
397	VPS26A	4	1
398	WNK1	4	1
399	ZEB1	4	1
400	ZMYND8	4	1
401	GREB1L	3	3
402	ANKRD65	3	2
403	CYTL1	3	2
404	FAM189A2	3	2
405	NPNT	3	2
406	PPP1R12A	3	2
407	VCL	3	3
408	ALG8	3	2
409	CCDC191	3	2
410	CLASP1	3	3
411	CNIH1	3	2
412	GPC3	3	3
413	MBTPS1	3	2
414	MTFR1	3	2
415	PDGFRA	3	3
416	RBFOX2	3	3
417	SOS2	3	2
418	SPDL1	3	2
419	SPTAN1	3	2
420	STRADA	3	2
421	TARS	3	2
422	TOX4	3	2
423	NPY1R	3	2
424	TMPRSS5	3	2
425	ACER3	3	2
426	ADD2	3	1
427	AP3B2	3	2
428	EEF1D	3	2
429	EZH1	3	2
430	FBXO21	3	2
431	FCHO1	3	2
432	GSKIP	3	2
433	KIDINS220	3	2
434	MTA3	3	1
435	NOL4	3	2
436	NOMO2	3	2
437	PEG10	3	2
438	PKIB	3	2
439	PTPN4	3	2
440	RASGRP2	3	1
441	RNPEP	3	2
442	RYR2	3	3
443	SLIT2	3	2
444	TCTN1	3	2
445	TUBGCP4	3	2
446	ZNF385A	3	3
447	ZNF540	3	2
448	ADH4	3	1
449	CDK5RAP2	3	2
450	COBL	3	1
451	HP	3	1
452	KRT15	3	1
453	PAPLN	3	1
454	PATJ	3	1
455	PCBP3	3	2
456	SLC2A11	3	1
457	ACSF2	3	1
458	ATP6V1B1	3	1
459	CCDC120	3	1
460	CCDC163P	3	1
461	CD79A	3	1
462	ELF3	3	1
463	FAT1	3	2
464	GRHL1	3	1
465	KLRK1	3	1
466	LMO3	3	1
467	MED16	3	2
468	MIA	3	1
469	NEBL	3	2
470	RGS4	3	1
471	RSPO1	3	1
472	SLC44A3	3	2
473	SMARCC2	3	2
474	WNT10B	3	1
475	ADAM28	3	1
476	ATP2A3	3	2
477	CEACAM1	3	1
478	CHEK2	3	1
479	CYTIP	3	1
480	DERL2	3	1
481	DPP9	3	2
482	EPB41L1	3	1
483	KLK6	3	1
484	ABCA10	3	1
485	CACNA1G	3	2
486	CDCA7	3	1
487	CELSR2	3	1
488	CRACR2B	3	1
489	EPS8L1	3	1
490	GOLGA2P5	3	1
491	HSD17B2	3	2
492	SEPT1	3	1
493	SH2D3A	3	1
494	TBC1D10C	3	2
495	TFAP2A	3	1
496	WDR97	3	1
497	WFDC2	3	1
498	ACP6	3	2
499	ADORA1	3	2
500	APH1A	3	2
501	ATM	3	2
502	BAZ2B	3	2
503	BIRC6	3	2
504	CA2	3	2
505	CCND3	3	1
506	CCSER2	3	2
507	CD36	3	2
508	CDCA7L	3	2
509	CDH11	3	2
510	CDH3	3	1
511	CLSTN1	3	2
512	CYP39A1	3	2
513	EDN2	3	1
514	EVA1A	3	1
515	FAM126A	3	2
516	FBXO16	3	1
517	FHL2	3	2
518	FLNB	3	1
519	GLDN	3	2
520	HHAT	3	1
521	HMGCS2	3	2
522	IFFO2	3	2
523	IRX3	3	3
524	KIF13A	3	2
525	KLRC4-KLRK1	3	1
526	LGR6	3	1
527	LRRC61	3	2
528	LY9	3	1
529	MAATS1	3	1
530	MAP4K1	3	1
531	MEI1	3	1
532	MIR205HG	3	1
533	NECAB2	3	2
534	PARD3	3	2
535	PDPN	3	2
536	PIK3R1	3	2
537	PIP5KL1	3	1
538	PLEK2	3	1
539	PPFIA3	3	1
540	PTGS1	3	2
541	PTK2	3	2
542	PTPN6	3	2
543	PTPRK	3	2
544	RAD18	3	1
545	RBM47	3	1
546	SELP	3	2
547	SEPT9	3	1
548	SFI1	3	1
549	SH3BGR	3	2
550	SH3YL1	3	1
551	SLC44A4	3	2
552	SPATA18	3	1
553	TARS2	3	2
554	TBC1D23	3	2
555	TBC1D26	3	2
556	TCF4	3	1
557	TES	3	2
558	TMC5	3	1
559	TMEM120A	3	2
560	TMEM139	3	1
561	TNFRSF11A	3	1
562	TOM1L1	3	1
563	ZNF506	3	2
564	LGALSL	3	2
565	ACAD11	3	2
566	HDC	3	1
567	ALDH6A1	3	1
568	C16orf62	3	1
569	CEP192	3	1
570	DNAJA4	3	1
571	DOCK5	3	1
572	GOLGA4	3	1
573	KPNA6	3	1
574	MET	3	1
575	PHF21A	3	1
576	PLA2G15	3	1
577	RAD54L2	3	1
578	RRM1	3	1
579	SEH1L	3	1
580	WDR47	3	1
581	APEX1	3	1
582	ATP7B	3	1
583	CD274	3	1
584	CHD9	3	1
585	CUL4A	3	1
586	DHDDS	3	1
587	EIF3K	3	1
588	FAM53C	3	1
589	FAM58A	3	1
590	GCFC2	3	1
591	HSP90AA1	3	1
592	IREB2	3	1
593	ITGB1	3	1
594	IWS1	3	1
595	KIAA0196	3	1
596	L3MBTL2	3	1
597	MTIF2	3	1
598	MTR	3	1
599	OGFOD1	3	1
600	POLR1B	3	1
601	PUM1	3	1
602	RAB7A	3	1
603	RAD50	3	1
604	SLC11A2	3	1
605	SLC41A3	3	1
606	SMPD1	3	1
607	SUCO	3	1
608	TFRC	3	1
609	TMEM161B	3	1
610	WIPF2	3	1
611	YIF1B	3	1
612	GTF2H3	3	1
613	MBOAT2	3	1
614	TNC	3	1
615	ANKRD28	3	1
616	APBB1	3	1
617	QSER1	3	1
618	SEC23A	3	1
619	AASDH	3	1
620	ABHD16A	3	1
621	ACADM	3	1
622	ACOT9	3	1
623	ACOX1	3	1
624	ACTR3	3	1
625	ADCY9	3	1
626	ADHFE1	3	1
627	ANK2	3	1
628	API5	3	1
629	AREL1	3	1
630	ARHGAP5	3	1
631	ARPC2	3	1
632	BCL2L13	3	1
633	BFAR	3	1
634	BTRC	3	1
635	CAPRIN2	3	1
636	CCT3	3	1
637	CLDND1	3	1
638	CNOT6	3	1
639	CPNE3	3	1
640	CPT2	3	1
641	CRYZ	3	1
642	CS	3	1
643	CTNNA1	3	1
644	DHTKD1	3	1
645	DLD	3	1
646	DPH2	3	1
647	DPP8	3	1
648	EFL1	3	1
649	EFTUD2	3	1
650	EIF4B	3	1
651	EPRS	3	1
652	ERMARD	3	1
653	FAM21A	3	1
654	FBXL5	3	1
655	FECH	3	1
656	G2E3	3	1
657	G3BP2	3	1
658	GLB1	3	1
659	GNAS	3	1
660	GNE	3	1
661	GOT2	3	1
662	GPHN	3	1
663	GTPBP10	3	1
664	H2AFY	3	1
665	HAUS2	3	1
666	HBS1L	3	1
667	HDHD2	3	1
668	HIBCH	3	1
669	HNRNPUL1	3	1
670	ITGB2	3	1
671	ITSN1	3	1
672	KANSL3	3	1
673	KAT7	3	1
674	KIF1B	3	1
675	LARS	3	1
676	LDLR	3	1
677	LRCH3	3	1
678	MADD	3	1
679	MAL	3	1
680	MAN2B1	3	1
681	MICAL3	3	1
682	MPDZ	3	1
683	MPV17	3	1
684	NADK2	3	1
685	NARS	3	1
686	NAV2	3	1
687	NDUFB5	3	1
688	NMT1	3	1
689	NPEPPS	3	1
690	NUP93	3	1
691	OPA1	3	1
692	OSBPL8	3	1
693	OSBPL9	3	1
694	PACRGL	3	1
695	PARN	3	1
696	PCM1	3	1
697	PDCD6IP	3	1
698	POLR2B	3	1
699	PPP1R12B	3	1
700	PPP2R3C	3	1
701	PREPL	3	1
702	PSMC6	3	1
703	PSME4	3	1
704	PSMF1	3	1
705	RBBP4	3	1
706	RDX	3	1
707	RP1-225E12.3	3	1
708	SCAMP1	3	1
709	SCN5A	3	1
710	SENP2	3	1
711	SEPT2	3	1
712	SERAC1	3	1
713	SHKBP1	3	1
714	SLC25A30	3	1
715	SLC25A32	3	1
716	SLC2A1	3	1
717	SLC30A6	3	1
718	SLC35B1	3	1
719	SLC35B2	3	1
720	SLC8A1	3	1
721	SNHG5	3	1
722	SNX4	3	1
723	SPATS2L	3	1
724	SPP1	3	1
725	SSH1	3	1
726	ST6GAL1	3	1
727	STAT3	3	1
728	STAU2	3	1
729	SUOX	3	1
730	SUPT20H	3	1
731	SYVN1	3	1
732	TBL2	3	1
733	TCP1	3	1
734	UBAP2	3	1
735	WBP2	3	1
736	ZC3H14	3	1
737	ZC3H15	3	1
738	ZNF143	3	1
739	MYBPC1	3	1
740	CORIN	3	1
741	PSMC3IP	2	2
742	ARSD	2	2
743	CDKN2A	2	2
744	COL4A5	2	2
745	KCNK2	2	1
746	RP1-178F15.5	2	2
747	SIRT2	2	2
748	TMEM104	2	2
749	ACTR3B	2	2
750	ATF2	2	2
751	CEP57L1	2	2
752	CHMP7	2	2
753	DMXL1	2	2
754	ERGIC2	2	1
755	FRG1	2	1
756	GABRB3	2	2
757	GALC	2	2
758	HDLBP	2	2
759	JAM3	2	2
760	MED20	2	2
761	NEK9	2	2
762	PABPC4	2	2
763	PPP3CB	2	2
764	QTRT2	2	2
765	SMC1A	2	2
766	SNX13	2	2
767	SPARC	2	2
768	SUDS3	2	2
769	SUMO1	2	1
770	TIAM2	2	2
771	TOP3B	2	2
772	ZHX3	2	2
773	GLI2	2	2
774	LINC01088	2	2
775	CD99	2	2
776	FYN	2	2
777	AQP7	2	2
778	EFEMP1	2	2
779	ARHGEF7	2	2
780	ARHGEF9	2	1
781	ARIH1	2	2
782	ARNTL	2	2
783	ATP6V1B2	2	2
784	BTBD10	2	2
785	BTBD9	2	1
786	C5orf22	2	2
787	CADPS	2	2
788	CASP3	2	1
789	CTDSPL2	2	2
790	DCAF6	2	2
791	DEF8	2	2
792	DNAJC27	2	2
793	EDC3	2	1
794	EPHA4	2	2
795	FAM135A	2	1
796	FAM13B	2	2
797	FAM65A	2	2
798	FTO	2	2
799	GFPT1	2	2
800	GRIA4	2	2
801	IDI2-AS1	2	1
802	IL2RG	2	2
803	KIF3C	2	1
804	KIFAP3	2	2
805	KLHL18	2	2
806	KPNA5	2	2
807	KRIT1	2	2
808	LAIR1	2	2
809	LMBR1L	2	1
810	LRRC14	2	2
811	LRRFIP1	2	2
812	MAPT	2	2
813	MEF2D	2	2
814	MEGF6	2	2
815	MICAL2	2	2
816	MTCL1	2	2
817	NASP	2	2
818	NIN	2	2
819	NRXN1	2	1
820	NT5DC3	2	2
821	PAK1	2	1
822	PIP5K1B	2	2
823	PPM1J	2	2
824	PRC1	2	2
825	PTPRR	2	1
826	RABGAP1L	2	2
827	RASGRP1	2	2
828	SATB1-AS1	2	1
829	SEMA4F	2	2
830	SERPING1	2	1
831	SLC25A29	2	1
832	SMARCE1	2	2
833	SNHG14	2	2
834	SRRM3	2	2
835	ST7	2	2
836	STRBP	2	2
837	SYNPR	2	1
838	TMEM129	2	1
839	TMEM237	2	2
840	TMEM246	2	2
841	TRAF3	2	2
842	TRAK1	2	2
843	TRIM23	2	2
844	TSFM	2	2
845	UGP2	2	2
846	UNC80	2	1
847	UQCC1	2	2
848	WDR7	2	2
849	WHSC1L1	2	2
850	ZNF283	2	1
851	ZNF542P	2	2
852	ZNF607	2	2
853	ZNF615	2	2
854	ZNF346	2	2
855	MOSPD1	2	2
856	RACK1	2	2
857	AC006116.20	2	1
858	ATP1A2	2	1
859	CAPN13	2	1
860	CARD14	2	1
861	CCNJL	2	1
862	CD3E	2	1
863	CECR1	2	1
864	CGN	2	1
865	DENND1C	2	1
866	EFCAB1	2	1
867	ENTPD2	2	1
868	IRX5	2	1
869	ITGA11	2	1
870	KLC3	2	1
871	KLK11	2	1
872	LIPH	2	1
873	LLGL2	2	1
874	MEST	2	2
875	PIK3C2G	2	1
876	PLEKHH1	2	1
877	PLEKHN1	2	1
878	PRSS8	2	1
879	RASSF7	2	1
880	RNF207	2	1
881	RP11-392E22.9	2	1
882	SLC12A8	2	1
883	SLC13A2	2	1
884	SYTL1	2	1
885	TEPP	2	1
886	TJP3	2	1
887	ZNF711	2	1
888	ATAT1	2	1
889	C2	2	1
890	CLDN7	2	1
891	ESPN	2	1
892	ESRP1	2	1
893	FBXO24	2	1
894	GALNT6	2	1
895	GRB7	2	1
896	LTF	2	1
897	MAGED4B	2	1
898	MGME1	2	1
899	MUC16	2	1
900	PPARGC1A	2	2
901	PRKCQ-AS1	2	1
902	S100A14	2	1
903	SH3BP1	2	1
904	SLAIN1	2	1
905	SLAMF7	2	1
906	SLC44A2	2	2
907	TMEM9	2	2
908	TYW5	2	2
909	VDR	2	1
910	ADRA1A	2	1
911	AMPH	2	1
912	BCL2L11	2	1
913	QRICH2	2	1
914	TRO	2	1
915	XXbac-BPG116M5.17	2	1
916	B4GALNT3	2	1
917	BIRC3	2	1
918	CFAP157	2	2
919	DRC3	2	1
920	ICAM3	2	1
921	IGFN1	2	1
922	KCNN4	2	1
923	MAPK15	2	1
924	MS4A1	2	2
925	NTRK1	2	1
926	OBSL1	2	2
927	PAMR1	2	1
928	RAB26	2	2
929	RP11-295P9.3	2	1
930	RP11-712B9.2	2	2
931	SHANK2	2	1
932	SLC16A11	2	1
933	SLC17A9	2	2
934	SLC22A17	2	2
935	SMYD2	2	2
936	YBX2	2	1
937	ABAT	2	2
938	ACAP1	2	1
939	ADAMTSL1	2	1
940	ADD3	2	2
941	ADGRB1	2	1
942	AKAP6	2	2
943	ANKMY1	2	2
944	AP1B1	2	2
945	AP2A1	2	2
946	ATL1	2	1
947	AZIN2	2	1
948	BLNK	2	1
949	BMP7	2	1
950	BNIP2	2	1
951	C15orf52	2	2
952	CA12	2	1
953	CADM1	2	2
954	CCDC157	2	1
955	CCDC88C	2	2
956	CD24	2	1
957	CD8A	2	1
958	CLIC6	2	2
959	CNTN1	2	1
960	COL16A1	2	1
961	COPS5	2	1
962	CP	2	1
963	CSF1	2	2
964	CYB561	2	1
965	CYP4F11	2	1
966	DAPP1	2	1
967	DCST2	2	1
968	DDX11	2	1
969	DEK	2	2
970	DNAJC7	2	2
971	DOCK7	2	2
972	DRD2	2	1
973	ECT2	2	2
974	EGF	2	1
975	EHF	2	1
976	ELF5	2	1
977	ETV4	2	1
978	EVI5L	2	2
979	EVL	2	2
980	EXD3	2	1
981	FAM198B	2	2
982	FAM228A	2	1
983	FAM60A	2	1
984	FBLN7	2	1
985	FBXL8	2	1
986	FMO1	2	1
987	GABBR1	2	2
988	GALNT3	2	1
989	GARNL3	2	1
990	GATA3	2	1
991	GLB1L2	2	1
992	GLS2	2	1
993	GNB5	2	2
994	GOLGA8B	2	2
995	GPS1	2	2
996	GPX2	2	1
997	GRAMD1C	2	1
998	H2AFY2	2	2
999	HEPH	2	2
1000	HSPA4L	2	2
1001	IGLL5	2	1
1002	IKZF2	2	1
1003	IL17RE	2	1
1004	IL20RB	2	1
1005	IL7R	2	1
1006	IQCA1	2	1
1007	IQCG	2	2
1008	ITGAL	2	1
1009	ITGB4	2	1
1010	ITGBL1	2	1
1011	JCHAIN	2	1
1012	KLK7	2	1
1013	L1CAM	2	2
1014	LAMA3	2	1
1015	LGR4	2	2
1016	LIG1	2	1
1017	LINC01184	2	1
1018	LRFN5	2	1
1019	LRIG3	2	2
1020	LRP1B	2	2
1021	LRRC37B	2	1
1022	LTBP2	2	1
1023	LYNX1	2	1
1024	LYPD6B	2	1
1025	MDK	2	1
1026	MGLL	2	2
1027	MLLT4	2	2
1028	MST1L	2	1
1029	MST1R	2	1
1030	MUC15	2	1
1031	MYB	2	1
1032	MYO6	2	1
1033	NFASC	2	1
1034	NFIB	2	2
1035	NFKBIZ	2	1
1036	NIPSNAP1	2	1
1037	OSBP2	2	1
1038	OSBPL5	2	1
1039	OVOS2	2	2
1040	PABPC1L	2	1
1041	PAK3	2	1
1042	PAK4	2	1
1043	PCNX2	2	1
1044	PECR	2	1
1045	PHF20L1	2	2
1046	PHLDB1	2	2
1047	PLAT	2	2
1048	PLCH2	2	1
1049	PLD1	2	2
1050	POSTN	2	1
1051	PPFIA1	2	2
1052	PPM1N	2	1
1053	PPP1R13L	2	1
1054	PPP1R18	2	1
1055	PPP1R9A	2	1
1056	PTPRU	2	1
1057	PVT1	2	1
1058	RAPGEFL1	2	1
1059	RARG	2	1
1060	RELN	2	1
1061	RGL2	2	2
1062	RGMA	2	1
1063	RGN	2	2
1064	RHPN2	2	1
1065	RUNX2	2	1
1066	SEMA4G	2	1
1067	SERHL2	2	1
1068	SEZ6L2	2	1
1069	SH3D21	2	1
1070	SHROOM3	2	2
1071	SLC16A4	2	1
1072	SLC16A5	2	1
1073	SLC38A3	2	2
1074	SLC39A6	2	2
1075	SLC4A3	2	2
1076	SLC5A6	2	1
1077	SMPDL3B	2	1
1078	SPAG9	2	2
1079	SPINT2	2	2
1080	SPIRE1	2	2
1081	ST8SIA1	2	1
1082	SYNM	2	2
1083	TAC1	2	2
1084	TARSL2	2	2
1085	TBC1D4	2	2
1086	TEK	2	2
1087	TGFBI	2	1
1088	TMEM98	2	1
1089	TMPRSS13	2	1
1090	TMPRSS2	2	1
1091	TRIM16	2	1
1092	TRIM2	2	2
1093	TSC2	2	2
1094	TSPAN5	2	2
1095	TSPOAP1	2	1
1096	TUFT1	2	2
1097	TYW1B	2	2
1098	VPS39	2	2
1099	VTCN1	2	1
1100	ZNF33B	2	2
1101	ZNF431	2	2
1102	ZNF692	2	1
1103	ZNF827	2	2
1104	ZNF844	2	2
1105	NDUFAF7	2	2
1106	ANKRD29	2	1
1107	TRA2A	2	1
1108	CD276	2	1
1109	DHX57	2	1
1110	DIS3L	2	1
1111	ERGIC1	2	1
1112	ESRRG	2	1
1113	FOXRED1	2	1
1114	GIT2	2	1
1115	GPAA1	2	1
1116	KCTD10	2	1
1117	KCTD9	2	1
1118	KIAA0430	2	1
1119	KLHL3	2	1
1120	MAP2K3	2	1
1121	MCM2	2	1
1122	MFSD1	2	1
1123	PPP6R3	2	1
1124	PTCD3	2	1
1125	PTPRE	2	1
1126	RTEL1	2	1
1127	SEMA6D	2	1
1128	SHPRH	2	1
1129	SRPK1	2	1
1130	STXBP4	2	1
1131	ACTR10	2	1
1132	ADGRA3	2	1
1133	ALG3	2	1
1134	ANKRD12	2	1
1135	ANKZF1	2	1
1136	ASCC1	2	1
1137	ATG4A	2	1
1138	ATG4D	2	1
1139	ATP5A1	2	1
1140	ATP6AP1	2	1
1141	CD151	2	1
1142	DZIP3	2	1
1143	EEF1B2	2	1
1144	ELAC2	2	1
1145	ELOVL1	2	2
1146	EOGT	2	1
1147	ETF1	2	1
1148	FCF1	2	1
1149	FOCAD	2	1
1150	GANAB	2	1
1151	KBTBD12	2	1
1152	KIAA1109	2	1
1153	LANCL1	2	1
1154	LARP1	2	1
1155	LGMN	2	1
1156	MCM4	2	1
1157	MERTK	2	1
1158	METTL14	2	1
1159	MITF	2	1
1160	MTRR	2	1
1161	NAA10	2	1
1162	NAA40	2	1
1163	NAA50	2	1
1164	NEDD1	2	1
1165	NFAT5	2	1
1166	PEX1	2	1
1167	PLA1A	2	1
1168	PLOD3	2	1
1169	POLR1A	2	1
1170	POMGNT1	2	1
1171	RARS	2	1
1172	RBM3	2	1
1173	RFC1	2	1
1174	RPS3A	2	1
1175	RPUSD1	2	1
1176	RUVBL2	2	1
1177	SIDT2	2	1
1178	SMG1	2	1
1179	TARDBP	2	1
1180	TMTC3	2	1
1181	TSR1	2	1
1182	UBE2N	2	1
1183	WDR31	2	1
1184	WSB2	2	1
1185	WWC2	2	1
1186	XPOT	2	1
1187	ZNF330	2	1
1188	CACNB2	2	1
1189	CPEB4	2	1
1190	PPP2R1B	2	1
1191	RUBCN	2	1
1192	CLCN3	2	1
1193	EYA1	2	1
1194	FKRP	2	1
1195	MAST2	2	1
1196	NMRK2	2	1
1197	SUGP2	2	1
1198	TUBA4A	2	1
1199	XBP1	2	1
1200	ABCB8	2	1
1201	ABCF1	2	1
1202	ABR	2	1
1203	AC138969.4	2	1
1204	ACSL4	2	1
1205	ADAM9	2	1
1206	ADGRE5	2	1
1207	ADH5	2	1
1208	AFF1	2	1
1209	AGK	2	1
1210	AGO2	2	1
1211	AGPAT5	2	1
1212	AIFM1	2	1
1213	AKAP1	2	1
1214	ALDH4A1	2	1
1215	ANKRD54	2	1
1216	ANO10	2	1
1217	AP3D1	2	1
1218	ARF4	2	1
1219	ARID1B	2	1
1220	ARMC1	2	1
1221	ARMC8	2	1
1222	ARPP19	2	1
1223	ART3	2	1
1224	ASH2L	2	1
1225	ASNS	2	1
1226	ASPH	2	1
1227	ASUN	2	1
1228	ATE1	2	1
1229	ATG13	2	1
1230	ATP11A	2	1
1231	ATP2B1	2	1
1232	ATP8A1	2	1
1233	ATP9B	2	1
1234	ATRNL1	2	2
1235	ATXN2	2	1
1236	B4GALT6	2	1
1237	BBX	2	1
1238	BDP1	2	1
1239	BECN1	2	1
1240	BPNT1	2	1
1241	BZW2	2	1
1242	C11orf49	2	1
1243	C12orf4	2	1
1244	C1orf131	2	1
1245	C20orf24	2	1
1246	C8orf58	2	1
1247	CAB39L	2	2
1248	CACNB1	2	1
1249	CAPN1	2	1
1250	CAPZB	2	1
1251	CASD1	2	1
1252	CCAR1	2	1
1253	CCDC43	2	1
1254	CCDC88A	2	1
1255	CCT2	2	1
1256	CCT5	2	1
1257	CCT8	2	1
1258	CD163	2	2
1259	CD164	2	1
1260	CDC23	2	1
1261	CDH13	2	1
1262	CDK14	2	1
1263	CDK5RAP1	2	1
1264	CDK8	2	1
1265	CELF2	2	1
1266	CEP295	2	1
1267	CERS5	2	1
1268	CIAO1	2	1
1269	CIAPIN1	2	1
1270	CKAP2	2	1
1271	CLASP2	2	1
1272	CLCN6	2	1
1273	CLIP4	2	1
1274	CLN3	2	2
1275	CLTA	2	1
1276	CLTC	2	1
1277	CLUAP1	2	1
1278	CNOT1	2	1
1279	CNOT10	2	1
1280	COPS4	2	1
1281	COPS8	2	1
1282	COPZ1	2	1
1283	COX10	2	1
1284	CPSF2	2	1
1285	CRY2	2	1
1286	CSDE1	2	1
1287	CSF1R	2	1
1288	CTD-2554C21.2	2	2
1289	CTSB	2	1
1290	CUL5	2	1
1291	CXADR	2	1
1292	CYLD	2	1
1293	DAP	2	1
1294	DCUN1D2	2	1
1295	DCUN1D5	2	1
1296	DDX24	2	1
1297	DDX46	2	1
1298	DENND1A	2	1
1299	DENND5A	2	1
1300	DERA	2	1
1301	DGKA	2	1
1302	DGKG	2	1
1303	DHX36	2	1
1304	DNAAF5	2	1
1305	DNAJA3	2	1
1306	DPY19L1	2	1
1307	DPY19L2	2	1
1308	DRG1	2	1
1309	DYNC1I2	2	1
1310	DYRK1A	2	1
1311	ECH1	2	1
1312	EIF3E	2	1
1313	EIF3L	2	1
1314	EIF3M	2	1
1315	EIF4A1	2	1
1316	EIF4G1	2	1
1317	ELMO2	2	1
1318	ELP3	2	1
1319	EPG5	2	1
1320	ERC1	2	1
1321	EXD2	2	1
1322	EXOC6B	2	1
1323	EXOC7	2	1
1324	FAM208B	2	1
1325	FAM69A	2	1
1326	FARSA	2	1
1327	FBXO28	2	1
1328	FBXW11	2	1
1329	FCGR2A	2	1
1330	FCHSD2	2	1
1331	FGGY	2	1
1332	FHL1	2	1
1333	FLOT1	2	1
1334	FLOT2	2	1
1335	FOLR2	2	1
1336	FXR1	2	1
1337	G3BP1	2	1
1338	GAB3	2	1
1339	GABPB1	2	1
1340	GABRE	2	1
1341	GATB	2	1
1342	GCLC	2	1
1343	GFM2	2	1
1344	GK	2	1
1345	GNB1	2	1
1346	GNS	2	1
1347	GOLGB1	2	1
1348	GPI	2	1
1349	GPR137B	2	1
1350	GPRASP2	2	1
1351	GRB14	2	1
1352	GYG1	2	1
1353	GZF1	2	1
1354	HAT1	2	1
1355	HDAC6	2	1
1356	HERC4	2	1
1357	HIF1A	2	1
1358	HMBS	2	2
1359	HMCES	2	1
1360	HP1BP3	2	1
1361	HSPA8	2	1
1362	HSPG2	2	2
1363	IL6ST	2	1
1364	ILVBL	2	1
1365	IMMT	2	1
1366	INPP5K	2	1
1367	INTS9	2	1
1368	IPO11	2	1
1369	ITGA5	2	1
1370	ITPK1	2	1
1371	IVD	2	1
1372	KANK2	2	1
1373	KIAA1429	2	1
1374	KIF3A	2	1
1375	KIFC3	2	1
1376	KMT2A	2	1
1377	KMT2C	2	1
1378	KMT5B	2	1
1379	LARP1B	2	1
1380	LCLAT1	2	1
1381	LIG3	2	1
1382	LIN54	2	1
1383	LPCAT3	2	1
1384	MAD1L1	2	1
1385	MAEA	2	2
1386	MAGED1	2	1
1387	MAP4K4	2	1
1388	MBD5	2	1
1389	MDM1	2	1
1390	MED1	2	1
1391	MFN1	2	1
1392	MFSD11	2	1
1393	MFSD8	2	1
1394	MGEA5	2	1
1395	MIER1	2	1
1396	MLF1	2	1
1397	MLLT10	2	1
1398	MRAS	2	1
1399	MSH6	2	1
1400	MTDH	2	1
1401	MTF2	2	1
1402	MTMR10	2	1
1403	MTMR12	2	1
1404	MTMR4	2	1
1405	MYADM	2	1
1406	MYOCD	2	1
1407	NAA25	2	1
1408	NAA30	2	1
1409	NAGK	2	1
1410	NCBP1	2	1
1411	NCEH1	2	1
1412	NCOA1	2	1
1413	NCOA4	2	1
1414	NDFIP2	2	1
1415	NDUFA10	2	1
1416	NEK1	2	1
1417	NEK4	2	1
1418	NEMF	2	1
1419	NFATC1	2	1
1420	NFIA	2	1
1421	NFYC	2	1
1422	NKIRAS1	2	1
1423	NNT	2	1
1424	NPLOC4	2	1
1425	NUMA1	2	1
1426	NUP43	2	1
1427	NVL	2	1
1428	OGDH	2	1
1429	OPTN	2	1
1430	PAM	2	1
1431	PCCB	2	1
1432	PCID2	2	1
1433	PCMT1	2	1
1434	PDPK1	2	1
1435	PDXDC1	2	1
1436	PDZD2	2	1
1437	PGM3	2	1
1438	PGR	2	1
1439	PHB	2	1
1440	PHF20	2	1
1441	PHTF1	2	1
1442	PIGK	2	1
1443	PIGS	2	1
1444	PIK3R3	2	1
1445	PIK3R5	2	1
1446	PITPNA	2	1
1447	PKP4	2	1
1448	PLEKHB2	2	1
1449	PMM2	2	1
1450	PMPCA	2	1
1451	PNPO	2	1
1452	POC1B	2	1
1453	POLI	2	1
1454	POLK	2	1
1455	PPFIBP2	2	1
1456	PPM1B	2	1
1457	PPP2R5C	2	1
1458	PPP3CC	2	1
1459	PPP4R1	2	1
1460	PRCP	2	1
1461	PREB	2	1
1462	PRELID3B	2	1
1463	PRKAR2A	2	1
1464	PRMT7	2	1
1465	PRRC2B	2	1
1466	PSMA2	2	1
1467	PSMC3	2	1
1468	PSMD1	2	1
1469	PTPRJ	2	1
1470	PXK	2	1
1471	QARS	2	2
1472	QKI	2	1
1473	RAB2A	2	1
1474	RAB5B	2	1
1475	RABGGTA	2	1
1476	RAD51C	2	1
1477	RANBP3	2	1
1478	RAPH1	2	1
1479	RB1CC1	2	1
1480	RBM12	2	1
1481	RCSD1	2	1
1482	RELA	2	1
1483	REXO2	2	1
1484	RHOBTB3	2	1
1485	RNF121	2	1
1486	RNF13	2	1
1487	RNF14	2	1
1488	RNF31	2	1
1489	RNMT	2	1
1490	RPLP0	2	1
1491	RPRD1B	2	1
1492	RPS6KB2	2	1
1493	SBF2	2	1
1494	SCP2	2	1
1495	SERPINH1	2	1
1496	SF3B2	2	1
1497	SHMT2	2	1
1498	SHOC2	2	1
1499	SHQ1	2	1
1500	SLC1A4	2	1
1501	SLC22A5	2	1
1502	SLC25A17	2	1
1503	SLC38A2	2	1
1504	SLC39A9	2	1
1505	SLCO2A1	2	1
1506	SNX14	2	1
1507	SORD	2	1
1508	SORT1	2	1
1509	SRP54	2	1
1510	SRPX	2	1
1511	SS18	2	1
1512	ST3GAL3	2	1
1513	ST3GAL6	2	2
1514	ST3GAL6-AS1	2	1
1515	ST8SIA2	2	1
1516	STAG1	2	1
1517	STAT1	2	1
1518	STK33	2	1
1519	STXBP5	2	1
1520	SURF4	2	1
1521	TAPT1	2	1
1522	TBC1D5	2	1
1523	TBXAS1	2	1
1524	TEAD1	2	1
1525	TIMMDC1	2	1
1526	TLK2	2	1
1527	TM7SF3	2	1
1528	TMBIM1	2	1
1529	TMEM117	2	1
1530	TMEM14B	2	1
1531	TMX2	2	1
1532	TMX3	2	1
1533	TNS1	2	1
1534	TOPBP1	2	1
1535	TP53BP2	2	1
1536	TPD52L2	2	1
1537	TPM1	2	1
1538	TRIM35	2	1
1539	TRIM37	2	1
1540	TSC1	2	1
1541	TSN	2	1
1542	TTBK2	2	1
1543	TTC33	2	1
1544	TUBB6	2	1
1545	TUBG1	2	1
1546	TVP23C-CDRT4	2	1
1547	TXNRD2	2	1
1548	TYW1	2	1
1549	UBE2V1	2	2
1550	UBE2Z	2	1
1551	UBE4B	2	1
1552	UBR3	2	1
1553	USP13	2	1
1554	USP25	2	1
1555	USP46	2	1
1556	VAPB	2	1
1557	VPS13B	2	1
1558	VPS29	2	1
1559	VPS41	2	1
1560	VPS8	2	1
1561	VTA1	2	1
1562	WBSCR22	2	1
1563	YAF2	2	1
1564	YIPF5	2	1
1565	YWHAE	2	1
1566	ZCCHC11	2	1
1567	ZFAT	2	1
1568	ZFP62	2	1
1569	ZIK1	2	1
1570	ZNF527	2	1
1571	ZNF568	2	2
1572	ZSCAN32	2	1
1573	ZWILCH	2	1
1574	PZP	2	1
1575	NEB	2	1
1576	CHRDL2	2	1
1577	ALKBH6	2	1
1578	ZNF7	2	1
1579	PDE9A	2	2
1580	GPX3	2	1
1581	ZBTB7C	2	1
1582	ARNT2	1	1
1583	ACTG1	1	1
1584	ARL4A	1	1
1585	C12orf75	1	1
1586	COL9A3	1	1
1587	CTD-2370N5.3	1	1
1588	CYB5R3	1	1
1589	EGFL6	1	1
1590	EPB42	1	1
1591	FLNC	1	1
1592	IRF8	1	1
1593	ITIH3	1	1
1594	REEP6	1	1
1595	SCIN	1	1
1596	SGK2	1	1
1597	SVIL	1	1
1598	TMEM110-MUSTN1	1	1
1599	CYP20A1	1	1
1600	WDR35	1	1
1601	TMPRSS9	1	1
1602	ALDH1B1	1	1
1603	AMACR	1	1
1604	ATP8B2	1	1
1605	BTBD1	1	1
1606	CASK	1	1
1607	CLEC16A	1	1
1608	CMSS1	1	1
1609	COX16	1	1
1610	DDX49	1	1
1611	DOCK8	1	1
1612	DZANK1	1	1
1613	EHHADH	1	1
1614	EPS8	1	1
1615	FAM118B	1	1
1616	FBLN1	1	1
1617	FBLN5	1	1
1618	FEZ1	1	1
1619	HPCAL1	1	1
1620	IFT20	1	1
1621	KIF16B	1	1
1622	LPAR1	1	1
1623	MAPKAP1	1	1
1624	MATN2	1	1
1625	MINK1	1	1
1626	MPHOSPH6	1	1
1627	PDIA4	1	1
1628	PPIL2	1	1
1629	PRPF18	1	1
1630	QDPR	1	1
1631	RFWD2	1	1
1632	RIOK2	1	1
1633	RIT1	1	1
1634	RXFP1	1	1
1635	SAP30BP	1	1
1636	SAR1B	1	1
1637	SCARB2	1	1
1638	SFXN1	1	1
1639	SNHG16	1	1
1640	STRAP	1	1
1641	TCN2	1	1
1642	TCTEX1D2	1	1
1643	TMEM68	1	1
1644	TMEM94	1	1
1645	UBE2E2	1	1
1646	UBE2J2	1	1
1647	UNC13A	1	1
1648	UNC13B	1	1
1649	USP3-AS1	1	1
1650	VPS33A	1	1
1651	ZNF544	1	1
1652	ZNF548	1	1
1653	ZRANB3	1	1
1654	CPNE4	1	1
1655	NOSIP	1	1
1656	TRPC4	1	1
1657	G6PD	1	1
1658	VCAM1	1	1
1659	CMC2	1	1
1660	SGIP1	1	1
1661	TMEM198B	1	1
1662	ASMTL	1	1
1663	GLDC	1	1
1664	EIF4E1B	1	1
1665	GORASP1	1	1
1666	NCOA7	1	1
1667	ABHD8	1	1
1668	ACOT8	1	1
1669	ACVR1B	1	1
1670	AGBL5	1	1
1671	ALAS2	1	1
1672	AMPD2	1	1
1673	APBB2	1	1
1674	ARHGEF1	1	1
1675	ATP8A2	1	1
1676	BDH1	1	1
1677	BRMS1L	1	1
1678	C16orf52	1	1
1679	C17orf51	1	1
1680	C1QTNF9B	1	1
1681	CACNA1B	1	1
1682	CAMKK2	1	1
1683	CARF	1	1
1684	CARS	1	1
1685	CD55	1	1
1686	CDH18	1	1
1687	CECR2	1	1
1688	CHCHD4	1	1
1689	CHORDC1	1	1
1690	CMTM7	1	1
1691	COL24A1	1	1
1692	CRHR1	1	1
1693	CTD-2020K17.1	1	1
1694	CUL7	1	1
1695	DCUN1D4	1	1
1696	DHRS1	1	1
1697	DMTF1	1	1
1698	DNAJB14	1	1
1699	DNASE1	1	1
1700	DYNC1I1	1	1
1701	EFR3A	1	1
1702	EPB41L2	1	1
1703	FAM3C	1	1
1704	FAM76B	1	1
1705	FGFR1OP2	1	1
1706	FOXP1	1	1
1707	FRG1HP	1	1
1708	FRS3	1	1
1709	GABBR2	1	1
1710	GABRA1	1	1
1711	GALNT11	1	1
1712	GBA2	1	1
1713	GDA	1	1
1714	GFOD2	1	1
1715	GNAI2	1	1
1716	GNG2	1	1
1717	GPAT4	1	1
1718	GPR137C	1	1
1719	GRAMD1B	1	1
1720	GRK4	1	1
1721	GUCY1B3	1	1
1722	HAP1	1	1
1723	HMBOX1	1	1
1724	HMGXB4	1	1
1725	HSD11B1L	1	1
1726	JAZF1	1	1
1727	KCNQ5	1	1
1728	KLHDC10	1	1
1729	LDB2	1	1
1730	LILRB4	1	1
1731	LINC01006	1	1
1732	LINC01128	1	1
1733	LRCH2	1	1
1734	LRRC42	1	1
1735	LRRC49	1	1
1736	LRRC7	1	1
1737	LRRK1	1	1
1738	MAP2	1	1
1739	MPC1	1	1
1740	MRPL23	1	1
1741	NABP1	1	1
1742	NDEL1	1	1
1743	NECAB3	1	1
1744	NIM1K	1	1
1745	NRG4	1	1
1746	NUDCD3	1	1
1747	OARD1	1	1
1748	OCRL	1	1
1749	ORAOV1	1	1
1750	PACSIN2	1	1
1751	PCBP4	1	1
1752	PCDH7	1	1
1753	PCED1B-AS1	1	1
1754	PFKFB4	1	1
1755	PHF14	1	1
1756	PI4KB	1	1
1757	PID1	1	1
1758	PITPNM2	1	1
1759	PNPLA6	1	1
1760	POLR1D	1	1
1761	PPP1R16B	1	1
1762	PPP1R32	1	1
1763	PPP2R2B	1	1
1764	PRKCA	1	1
1765	PRKCE	1	1
1766	PTGR1	1	1
1767	PTPRD	1	1
1768	PYCRL	1	1
1769	RALYL	1	1
1770	RBCK1	1	1
1771	RBM33	1	1
1772	RGS7BP	1	1
1773	RIMBP2	1	1
1774	RNFT2	1	1
1775	RP11-1212A22.1	1	1
1776	RP11-252A24.2	1	1
1777	RP11-314N13.10	1	1
1778	RP11-504P24.3	1	1
1779	RPH3A	1	1
1780	SAV1	1	1
1781	SCN1A	1	1
1782	SCN8A	1	1
1783	SEMA6A	1	1
1784	SENP8	1	1
1785	SLC25A46	1	1
1786	SLC36A1	1	1
1787	SMIM14	1	1
1788	SNHG4	1	1
1789	SNRPC	1	1
1790	SNX10	1	1
1791	SOCS7	1	1
1792	SRD5A1	1	1
1793	STIM1	1	1
1794	STXBP1	1	1
1795	SYNGR3	1	1
1796	TCERG1L	1	1
1797	TCP11L2	1	1
1798	THAP9	1	1
1799	TK2	1	1
1800	TM9SF4	1	1
1801	TMEM229B	1	1
1802	TMEM241	1	1
1803	TMEM263	1	1
1804	TMEM91	1	1
1805	TOX2	1	1
1806	TRAPPC10	1	1
1807	TRIM36	1	1
1808	TTC3	1	1
1809	TTLL1	1	1
1810	TXNL1	1	1
1811	TYK2	1	1
1812	UBAC1	1	1
1813	UBAC2	1	1
1814	UNC119B	1	1
1815	USP32P1	1	1
1816	VSTM2A	1	1
1817	ZBTB38	1	1
1818	ZNF181	1	1
1819	ZNF33A	1	1
1820	ZNF653	1	1
1821	ZNF655	1	1
1822	ZNF766	1	1
1823	ZNF780B	1	1
1824	ZNF815P	1	1
1825	CCDC183	1	1
1826	ABHD11	1	1
1827	AK5	1	1
1828	APOC2	1	1
1829	B4GALNT4	1	1
1830	BNIPL	1	1
1831	CELF5	1	1
1832	CFAP44	1	1
1833	CTBP2	1	1
1834	CXCL17	1	1
1835	DCST1	1	1
1836	DUXAP8	1	1
1837	ERBB3	1	1
1838	FAM131B	1	1
1839	FAT2	1	1
1840	FRMD6	1	1
1841	HAPLN3	1	1
1842	IL12A	1	1
1843	KRT17	1	1
1844	LAMC3	1	1
1845	LY6E	1	1
1846	PHLDB3	1	1
1847	PRR4	1	1
1848	RAD54B	1	1
1849	RASAL1	1	1
1850	RBBP8	1	1
1851	RP11-321G12.1	1	1
1852	RP11-404F10.2	1	1
1853	ST6GALNAC5	1	1
1854	STRA6	1	1
1855	TRIM9	1	1
1856	UNC13D	1	1
1857	VWDE	1	1
1858	APBA2	1	1
1859	ART5	1	1
1860	ATG9B	1	1
1861	ATP13A4	1	1
1862	C14orf79	1	1
1863	CACNA1H	1	1
1864	CCDC158	1	1
1865	CCDC18-AS1	1	1
1866	CCDC88B	1	1
1867	CD96	1	1
1868	CDT1	1	1
1869	CHRNE	1	1
1870	CRABP1	1	1
1871	CRACR2A	1	1
1872	DLK2	1	1
1873	E2F5	1	1
1874	EPHA10	1	1
1875	EPHB1	1	1
1876	FBXL2	1	1
1877	GATA3-AS1	1	1
1878	GOLGA2P10	1	1
1879	JAML	1	1
1880	LMX1B	1	1
1881	NMRAL1	1	1
1882	NQO1	1	1
1883	NR1H2	1	1
1884	PDZD4	1	1
1885	PEX10	1	1
1886	PRDM1	1	1
1887	PTBP3	1	1
1888	QPRT	1	1
1889	RAB15	1	1
1890	RFX8	1	1
1891	RGS9	1	1
1892	RP11-495P10.1	1	1
1893	RP11-73M7.6	1	1
1894	SBDS	1	1
1895	SGCA	1	1
1896	SPAG8	1	1
1897	STAC2	1	1
1898	TMCO4	1	1
1899	TMEM191A	1	1
1900	TMEM87A	1	1
1901	TRAF4	1	1
1902	UBE2D4	1	1
1903	VGLL1	1	1
1904	WDR4	1	1
1905	CBWD2	1	1
1906	GALNT7	1	1
1907	LINS1	1	1
1908	MTHFD2L	1	1
1909	AATK	1	1
1910	ACP5	1	1
1911	ATXN2L	1	1
1912	CAMKK1	1	1
1913	CCDC189	1	1
1914	CCDC78	1	1
1915	CD164L2	1	1
1916	CLDN19	1	1
1917	COL8A2	1	1
1918	CYP3A5	1	1
1919	DERL3	1	1
1920	DNAAF1	1	1
1921	EPCAM	1	1
1922	FAM136A	1	1
1923	FCRL6	1	1
1924	FNBP1L	1	1
1925	GFAP	1	1
1926	H19	1	1
1927	HAGHL	1	1
1928	HLA-C	1	1
1929	HPR	1	1
1930	IGHG1	1	1
1931	INTS6L	1	1
1932	INTS8	1	1
1933	KCNH8	1	1
1934	KDF1	1	1
1935	KIAA1683	1	1
1936	KLK4	1	1
1937	KLK5	1	1
1938	LCN12	1	1
1939	LTK	1	1
1940	MPZ	1	1
1941	MUCL1	1	1
1942	NAALADL1	1	1
1943	NEK8	1	1
1944	NUP62	1	1
1945	PAX3	1	1
1946	PKP3	1	1
1947	PLA2R1	1	1
1948	RBMX	1	1
1949	RNF183	1	1
1950	RNF39	1	1
1951	RP11-66B24.1	1	1
1952	RPS9	1	1
1953	SARDH	1	1
1954	SEMA3B	1	1
1955	SEPT3	1	1
1956	SLC25A37	1	1
1957	SLC4A11	1	1
1958	SNX32	1	1
1959	TFF3	1	1
1960	TRPS1	1	1
1961	TRPV6	1	1
1962	TSPAN32	1	1
1963	ZG16B	1	1
1964	AC074289.1	1	1
1965	ACOT11	1	1
1966	ACSM5	1	1
1967	ADGRG6	1	1
1968	AFAP1L1	1	1
1969	AGRN	1	1
1970	ALDH1A3	1	1
1971	ALDH2	1	1
1972	ALOX12P2	1	1
1973	AMT	1	1
1974	ANKAR	1	1
1975	ANKRD49	1	1
1976	ANKRD9	1	1
1977	ANXA9	1	1
1978	AOAH	1	1
1979	ARHGAP19	1	1
1980	ARHGEF10L	1	1
1981	ARHGEF5	1	1
1982	ARMC6	1	1
1983	ARMC9	1	1
1984	ART4	1	1
1985	ARVCF	1	1
1986	ATP2C2	1	1
1987	ATP5C1	1	1
1988	ATP6V1C2	1	1
1989	AUTS2	1	1
1990	BARD1	1	1
1991	BBC3	1	1
1992	BBOX1	1	1
1993	BCAT2	1	1
1994	BCL11A	1	1
1995	BPIFB1	1	1
1996	BSPRY	1	1
1997	BUB1B-PAK6	1	1
1998	C16orf89	1	1
1999	C19orf57	1	1
2000	C5orf34	1	1
2001	C6orf136	1	1
2002	C9orf3	1	1
2003	CA13	1	1
2004	CAPN8	1	1
2005	CATSPERB	1	1
2006	CBLC	1	1
2007	CCDC30	1	1
2008	CCDC50	1	1
2009	CCDC85C	1	1
2010	CD200	1	1
2011	CD38	1	1
2012	CD47	1	1
2013	CD8B	1	1
2014	CD99L2	1	1
2015	CDS1	1	1
2016	CENPM	1	1
2017	CEP128	1	1
2018	CFAP43	1	1
2019	CGREF1	1	1
2020	CLDN12	1	1
2021	CLUL1	1	1
2022	CNTN4	1	1
2023	COL4A3	1	1
2024	COL9A2	1	1
2025	COLEC11	1	1
2026	CPB1	1	1
2027	CPEB1	1	1
2028	CPNE7	1	1
2029	CPSF3L	1	1
2030	CRHR1-IT1	1	1
2031	CRISPLD1	1	1
2032	CROCCP3	1	1
2033	CRTAC1	1	1
2034	CSF3R	1	1
2035	CTD-2516F10.2	1	1
2036	CTLA4	1	1
2037	CTSC	1	1
2038	CYP2J2	1	1
2039	DEGS2	1	1
2040	DFNA5	1	1
2041	DLG5	1	1
2042	DNAH7	1	1
2043	DNAJC12	1	1
2044	DOPEY1	1	1
2045	DPP4	1	1
2046	EBF4	1	1
2047	EHBP1	1	1
2048	EIF2B3	1	1
2049	EMID1	1	1
2050	ENAH	1	1
2051	ENC1	1	1
2052	EPHA1	1	1
2053	ERBIN	1	1
2054	ESYT2	1	1
2055	ETV5	1	1
2056	ETV6	1	1
2057	EXOC1	1	1
2058	EYA2	1	1
2059	EZH2	1	1
2060	FAM192A	1	1
2061	FAM3B	1	1
2062	FAM3D	1	1
2063	FAM86B3P	1	1
2064	FAM95C	1	1
2065	FANCD2	1	1
2066	FANK1	1	1
2067	FASTKD3	1	1
2068	FGF17	1	1
2069	FGFR3	1	1
2070	FIGNL1	1	1
2071	FLI1	1	1
2072	FMNL3	1	1
2073	FNTB	1	1
2074	FOXA1	1	1
2075	FTCD	1	1
2076	FUBP1	1	1
2077	G6PC3	1	1
2078	GABRP	1	1
2079	GID4	1	1
2080	GKAP1	1	1
2081	GNB3	1	1
2082	GNG7	1	1
2083	GPR162	1	1
2084	GRAMD2	1	1
2085	GRHL2	1	1
2086	GSTA1	1	1
2087	GSTO2	1	1
2088	HACD4	1	1
2089	HERC2P4	1	1
2090	HEXDC	1	1
2091	HGD	1	1
2092	HIF3A	1	1
2093	HIKESHI	1	1
2094	HKR1	1	1
2095	HPSE	1	1
2096	HUNK	1	1
2097	IFITM10	1	1
2098	IFNLR1	1	1
2099	IFT172	1	1
2100	IGF2BP2	1	1
2101	IKBKE	1	1
2102	IL17RB	1	1
2103	IL34	1	1
2104	IL7	1	1
2105	IMPDH1	1	1
2106	IRF1	1	1
2107	IRF4	1	1
2108	ITGA4	1	1
2109	ITK	1	1
2110	JAG2	1	1
2111	KCNAB1	1	1
2112	KCNC3	1	1
2113	KCTD1	1	1
2114	KDM2B	1	1
2115	KIAA0226L	1	1
2116	KIAA1211L	1	1
2117	KIAA1468	1	1
2118	KIF22	1	1
2119	KIF5C	1	1
2120	KLF3-AS1	1	1
2121	KLHL6	1	1
2122	KMT2E	1	1
2123	KNTC1	1	1
2124	KRT23	1	1
2125	KRT5	1	1
2126	KRTCAP3	1	1
2127	KYNU	1	1
2128	LAD1	1	1
2129	LCK	1	1
2130	LIN9	1	1
2131	LINC00969	1	1
2132	LINC01057	1	1
2133	LINC01198	1	1
2134	LINC01515	1	1
2135	LPAR5	1	1
2136	LRR1	1	1
2137	LRRC75B	1	1
2138	LRRC8E	1	1
2139	LSM14B	1	1
2140	LSR	1	1
2141	LY75-CD302	1	1
2142	MAD2L1	1	1
2143	MAGED4	1	1
2144	MAML3	1	1
2145	MANEAL	1	1
2146	MAP3K14-AS1	1	1
2147	MAP3K7	1	1
2148	MARVELD2	1	1
2149	MB	1	1
2150	MBNL2	1	1
2151	MBP	1	1
2152	MCEE	1	1
2153	MEDAG	1	1
2154	MGA	1	1
2155	MIAT	1	1
2156	MIPOL1	1	1
2157	MMAB	1	1
2158	MPDU1	1	1
2159	MROH7-TTC4	1	1
2160	MS4A14	1	1
2161	MTUS1	1	1
2162	MX2	1	1
2163	MYO5B	1	1
2164	MYOM2	1	1
2165	NAA16	1	1
2166	NCOA5	1	1
2167	NDUFA5	1	1
2168	NDUFAF1	1	1
2169	NEO1	1	1
2170	NETO2	1	1
2171	NINL	1	1
2172	NIPAL3	1	1
2173	NOS1AP	1	1
2174	NPAS2	1	1
2175	NPM2	1	1
2176	NRG1	1	1
2177	NSUN5P1	1	1
2178	NSUN7	1	1
2179	NT5C2	1	1
2180	NTN4	1	1
2181	NTN5	1	1
2182	NUMB	1	1
2183	NUP62CL	1	1
2184	NUPR1	1	1
2185	OCLN	1	1
2186	ODF2L	1	1
2187	OFD1	1	1
2188	OSBPL1A	1	1
2189	P3H3	1	1
2190	PALLD	1	1
2191	PANK1	1	1
2192	PAWR	1	1
2193	PCAT19	1	1
2194	PCLO	1	1
2195	PDE6B	1	1
2196	PDE7A	1	1
2197	PDE8B	1	1
2198	PDGFA	1	1
2199	PDZK1IP1	1	1
2200	PER2	1	1
2201	PHGDH	1	1
2202	PHLPP1	1	1
2203	PKP1	1	1
2204	PLEKHA6	1	1
2205	PLEKHA7	1	1
2206	PLEKHG4B	1	1
2207	PLEKHS1	1	1
2208	PLLP	1	1
2209	PLOD2	1	1
2210	PLXNB3	1	1
2211	PLXNC1	1	1
2212	POU2F2	1	1
2213	POU2F3	1	1
2214	PPARG	1	1
2215	PPIP5K1	1	1
2216	PPP1R36	1	1
2217	PROM2	1	1
2218	PRR5-ARHGAP8	1	1
2219	PRSS12	1	1
2220	PRSS27	1	1
2221	PSTPIP2	1	1
2222	PTGER3	1	1
2223	PTGES3L-AARSD1	1	1
2224	PTK6	1	1
2225	PTN	1	1
2226	PTS	1	1
2227	RAB25	1	1
2228	RAB27B	1	1
2229	RAB36	1	1
2230	RAB38	1	1
2231	RAC1	1	1
2232	RAI14	1	1
2233	RAPGEF1	1	1
2234	RARA	1	1
2235	RASAL3	1	1
2236	RASSF5	1	1
2237	RASSF6	1	1
2238	RBM24	1	1
2239	RGS1	1	1
2240	RGS11	1	1
2241	RHBDL3	1	1
2242	RIC3	1	1
2243	RNF43	1	1
2244	RP11-175P13.3	1	1
2245	RP11-295K3.1	1	1
2246	RP11-379F4.4	1	1
2247	RP11-392P7.6	1	1
2248	RP11-411B6.6	1	1
2249	RP11-532F12.5	1	1
2250	RP11-597D13.9	1	1
2251	RP11-66B24.2	1	1
2252	RP11-706O15.1	1	1
2253	RP5-1120P11.1	1	1
2254	RPE	1	1
2255	RPS6KA5	1	1
2256	RUFY1	1	1
2257	RUNX1	1	1
2258	S100A10	1	1
2259	S100A13	1	1
2260	SCG5	1	1
2261	SCRIB	1	1
2262	SCUBE2	1	1
2263	SDC1	1	1
2264	SEC14L1	1	1
2265	SEMA5A	1	1
2266	SEPT6	1	1
2267	SESN3	1	1
2268	SHANK3	1	1
2269	SIDT1	1	1
2270	SKAP1	1	1
2271	SLC12A9	1	1
2272	SLC15A2	1	1
2273	SLC26A5	1	1
2274	SLC2A9	1	1
2275	SLC37A3	1	1
2276	SLC3A2	1	1
2277	SLK	1	1
2278	SMOC2	1	1
2279	SNF8	1	1
2280	SOSTDC1	1	1
2281	SOX10	1	1
2282	SOX9-AS1	1	1
2283	SP4	1	1
2284	SPAST	1	1
2285	SPATA13	1	1
2286	SPDEF	1	1
2287	SRCIN1	1	1
2288	SSPO	1	1
2289	ST6GALNAC2	1	1
2290	ST6GALNAC6	1	1
2291	STAC	1	1
2292	STEAP3	1	1
2293	SULF2	1	1
2294	SUSD3	1	1
2295	SUSD4	1	1
2296	SYNE4	1	1
2297	SYT7	1	1
2298	TAGAP	1	1
2299	TBC1D13	1	1
2300	TBC1D15	1	1
2301	TBC1D32	1	1
2302	TBX19	1	1
2303	TC2N	1	1
2304	TCIRG1	1	1
2305	TEX9	1	1
2306	TFAP4	1	1
2307	TLR1	1	1
2308	TMC4	1	1
2309	TMEM130	1	1
2310	TMEM159	1	1
2311	TMEM176B	1	1
2312	TMEM184A	1	1
2313	TMEM199	1	1
2314	TMEM255A	1	1
2315	TMEM267	1	1
2316	TNS4	1	1
2317	TRIM29	1	1
2318	TSNAXIP1	1	1
2319	TSPAN1	1	1
2320	TTC12	1	1
2321	TTC28	1	1
2322	TUBD1	1	1
2323	UBE2Q2P2	1	1
2324	UBL7	1	1
2325	UCHL1	1	1
2326	USO1	1	1
2327	USP43	1	1
2328	USP6	1	1
2329	VAMP1	1	1
2330	VANGL2	1	1
2331	WDR78	1	1
2332	WNT2	1	1
2333	WNT5B	1	1
2334	WNT6	1	1
2335	YPEL4	1	1
2336	ZFAND6	1	1
2337	ZIM2	1	1
2338	ZNF627	1	1
2339	ZNF706	1	1
2340	ZNF737	1	1
2341	ZNF738	1	1
2342	ZNF774	1	1
2343	ZNF793	1	1
2344	ZYX	1	1
2345	PPIE	1	1
2346	TRAPPC2	1	1
2347	EPB41L3	1	1
2348	TDRP	1	1
2349	CDNF	1	1
2350	HELB	1	1
2351	P2RX7	1	1
2352	MYL6	1	1
2353	ITGAX	1	1
2354	PCSK2	1	1
2355	CD19	1	1
2356	ADAM17	1	1
2357	ADAP2	1	1
2358	ALDH3B1	1	1
2359	ARHGEF40	1	1
2360	ASH1L	1	1
2361	CAMK2D	1	1
2362	CCDC51	1	1
2363	DPYSL4	1	1
2364	ERCC3	1	1
2365	F5	1	1
2366	FAM133B	1	1
2367	FMO5	1	1
2368	GALK2	1	1
2369	GBE1	1	1
2370	GGA2	1	1
2371	GTDC1	1	1
2372	HELZ	1	1
2373	ILF2	1	1
2374	LAPTM4B	1	1
2375	MBNL3	1	1
2376	MEG3	1	1
2377	MTO1	1	1
2378	MYL4	1	1
2379	NAA20	1	1
2380	NAE1	1	1
2381	OXNAD1	1	1
2382	PDSS1	1	1
2383	PIGN	1	1
2384	PPP4R1L	1	1
2385	PROSC	1	1
2386	PRRC2C	1	1
2387	RALGAPB	1	1
2388	RPF2	1	1
2389	RPL13A	1	1
2390	RPL22L1	1	1
2391	STRN4	1	1
2392	TERF2	1	1
2393	TMEM106C	1	1
2394	TP53I13	1	1
2395	TRAPPC11	1	1
2396	TRMT10B	1	1
2397	UBR4	1	1
2398	WDR48	1	1
2399	XRCC5	1	1
2400	ZDHHC16	1	1
2401	ZNF24	1	1
2402	ZNF764	1	1
2403	ACSS2	1	1
2404	ADCY7	1	1
2405	ADNP2	1	1
2406	AIF1L	1	1
2407	ALDH18A1	1	1
2408	ALMS1	1	1
2409	AP3S2	1	1
2410	ARL8B	1	1
2411	ATP13A2	1	1
2412	ATP6V1H	1	1
2413	BCO2	1	1
2414	BRCA1	1	1
2415	BSCL2	1	1
2416	CCNB1IP1	1	1
2417	CDAN1	1	1
2418	CHD7	1	1
2419	CHD8	1	1
2420	CHRM2	1	1
2421	CHUK	1	1
2422	CLPX	1	1
2423	CNN2	1	1
2424	CRNKL1	1	1
2425	CTSD	1	1
2426	DAGLA	1	1
2427	DDX54	1	1
2428	DNAJC17	1	1
2429	DNM1	1	1
2430	EI24	1	1
2431	EPS15L1	1	1
2432	EXOC3L1	1	1
2433	FAM107A	1	1
2434	FAM219A	1	1
2435	FASN	1	1
2436	FBXL3	1	1
2437	FCAR	1	1
2438	GATAD2B	1	1
2439	GLTP	1	1
2440	GPR107	1	1
2441	GSTZ1	1	1
2442	HDAC9	1	1
2443	HERC2P9	1	1
2444	HMOX2	1	1
2445	HSPD1	1	1
2446	HUWE1	1	1
2447	IFT80	1	1
2448	INIP	1	1
2449	ITFG1	1	1
2450	KATNB1	1	1
2451	KCTD18	1	1
2452	KLC1	1	1
2453	LCN6	1	1
2454	LMLN	1	1
2455	LPIN3	1	1
2456	LRIG1	1	1
2457	MAN2A2	1	1
2458	MAP3K3	1	1
2459	MKRN2	1	1
2460	MON2	1	1
2461	MPP1	1	1
2462	NFIX	1	1
2463	NUDT12	1	1
2464	NXPE3	1	1
2465	OPN3	1	1
2466	OTUD4	1	1
2467	PANK2	1	1
2468	PCNX1	1	1
2469	PDCD1	1	1
2470	PDE3B	1	1
2471	PHC2	1	1
2472	PHRF1	1	1
2473	POGLUT1	1	1
2474	PPA2	1	1
2475	PPM1A	1	1
2476	PRDM4	1	1
2477	PRRT2	1	1
2478	PTGR2	1	1
2479	PVR	1	1
2480	QRFPR	1	1
2481	RAB11FIP1	1	1
2482	RALGPS1	1	1
2483	RAN	1	1
2484	RFC5	1	1
2485	RINT1	1	1
2486	RNF146	1	1
2487	RNF150	1	1
2488	RNF170	1	1
2489	RPL7A	1	1
2490	RPS6KL1	1	1
2491	SART3	1	1
2492	SDCBP	1	1
2493	SDHB	1	1
2494	SF3B1	1	1
2495	SFXN2	1	1
2496	SLC22A23	1	1
2497	SLC25A15	1	1
2498	SLC36A4	1	1
2499	SLC9A6	1	1
2500	SYNPO2	1	1
2501	TASP1	1	1
2502	TIMELESS	1	1
2503	TMEM19	1	1
2504	TMEM245	1	1
2505	TMTC1	1	1
2506	TRAFD1	1	1
2507	UBE3B	1	1
2508	UBR5	1	1
2509	UFSP2	1	1
2510	USP53	1	1
2511	USP7	1	1
2512	VANGL1	1	1
2513	VARS	1	1
2514	VWA7	1	1
2515	ZC3H18	1	1
2516	ZNF229	1	1
2517	ZNF302	1	1
2518	ZNF398	1	1
2519	ZNF592	1	1
2520	ZSCAN9	1	1
2521	ZZEF1	1	1
2522	CDK16	1	1
2523	CYP51A1	1	1
2524	DOCK9	1	1
2525	ENOX2	1	1
2526	EPT1	1	1
2527	FRMD5	1	1
2528	GPATCH4	1	1
2529	IL17RC	1	1
2530	METTL3	1	1
2531	MYO7B	1	1
2532	P2RX6	1	1
2533	PITX3	1	1
2534	RALGAPA2	1	1
2535	RASSF3	1	1
2536	RC3H2	1	1
2537	RECQL	1	1
2538	REST	1	1
2539	SKIL	1	1
2540	TAF9B	1	1
2541	TMEM168	1	1
2542	TMEM33	1	1
2543	TTN-AS1	1	1
2544	TUBA1A	1	1
2545	TUBGCP6	1	1
2546	VDAC1P8	1	1
2547	A2M	1	1
2548	AASDHPPT	1	1
2549	ABCB1	1	1
2550	ABCB6	1	1
2551	ABCC8	1	1
2552	ABCC9	1	1
2553	ABHD2	1	1
2554	ABLIM1	1	1
2555	ABLIM3	1	1
2556	AC004381.6	1	1
2557	AC011530.4	1	1
2558	AC013461.1	1	1
2559	ACACA	1	1
2560	ACAD10	1	1
2561	ACADSB	1	1
2562	ACAP2	1	1
2563	ACBD3	1	1
2564	ACBD5	1	1
2565	ACOX3	1	1
2566	ACTN2	1	1
2567	ACTR1A	1	1
2568	ADAL	1	1
2569	ADAM8	1	1
2570	ADCK1	1	1
2571	ADK	1	1
2572	AFF4	1	1
2573	AGFG1	1	1
2574	AGTPBP1	1	1
2575	AK2	1	1
2576	AK9	1	1
2577	AKAP2	1	1
2578	AKAP8	1	1
2579	AKAP8L	1	1
2580	AKIRIN1	1	1
2581	AKT2	1	1
2582	ALDH1L1	1	1
2583	ALDH3A2	1	1
2584	ALDOC	1	1
2585	ALKBH1	1	1
2586	ALOX5	1	1
2587	ALS2	1	1
2588	AMD1	1	1
2589	AMPD3	1	1
2590	ANAPC1	1	1
2591	ANAPC7	1	1
2592	ANKFY1	1	1
2593	ANKHD1	1	1
2594	ANKMY2	1	1
2595	ANKRD17	1	1
2596	ANKRD26	1	1
2597	ANKRD50	1	1
2598	ANKRD52	1	1
2599	ANO6	1	1
2600	ANXA5	1	1
2601	ANXA6	1	1
2602	ANXA7	1	1
2603	AP002884.2	1	1
2604	AP1G1	1	1
2605	AP2B1	1	1
2606	AP2M1	1	1
2607	APC	1	1
2608	APP	1	1
2609	APPL1	1	1
2610	APPL2	1	1
2611	ARCN1	1	1
2612	ARG2	1	1
2613	ARHGAP12	1	1
2614	ARHGAP21	1	1
2615	ARHGAP23	1	1
2616	ARHGAP24	1	1
2617	ARHGAP42	1	1
2618	ARHGAP44	1	1
2619	ARHGAP9	1	1
2620	ARL13B	1	1
2621	ARMCX2	1	1
2622	ARMCX3	1	1
2623	ARMCX5-GPRASP2	1	1
2624	ARMT1	1	1
2625	ARPC4-TTLL3	1	1
2626	ARRB2	1	1
2627	ARSK	1	1
2628	ARV1	1	1
2629	ASB1	1	1
2630	ASB13	1	1
2631	ASB15	1	1
2632	ASB2	1	1
2633	ASB7	1	1
2634	ASCC3	1	1
2635	ASF1B	1	1
2636	ATAD2	1	1
2637	ATF7	1	1
2638	ATF7IP	1	1
2639	ATF7IP2	1	1
2640	ATG16L1	1	1
2641	ATG4B	1	1
2642	ATG7	1	1
2643	ATMIN	1	1
2644	ATP2B4	1	1
2645	ATP5F1	1	1
2646	ATP5J2	1	1
2647	ATP5SL	1	1
2648	ATP6AP2	1	1
2649	ATP6V1C1	1	1
2650	ATP6V1E1	1	1
2651	ATRX	1	1
2652	ATXN1	1	1
2653	ATXN10	1	1
2654	ATXN3	1	1
2655	AVL9	1	1
2656	AZIN1	1	1
2657	B4GALT1-AS1	1	1
2658	B4GALT4	1	1
2659	BABAM1	1	1
2660	BAG6	1	1
2661	BAP1	1	1
2662	BAZ2A	1	1
2663	BBIP1	1	1
2664	BBS5	1	1
2665	BCKDK	1	1
2666	BCL7B	1	1
2667	BHLHB9	1	1
2668	BLOC1S5	1	1
2669	BORCS5	1	1
2670	BPTF	1	1
2671	BRE	1	1
2672	BRMS1	1	1
2673	BSDC1	1	1
2674	BSG	1	1
2675	BTBD7	1	1
2676	BTF3	1	1
2677	BTN2A3P	1	1
2678	BYSL	1	1
2679	C11orf58	1	1
2680	C12orf10	1	1
2681	C14orf166	1	1
2682	C16orf45	1	1
2683	C16orf70	1	1
2684	C16orf87	1	1
2685	C17orf62	1	1
2686	C17orf80	1	1
2687	C18orf8	1	1
2688	C19orf47	1	1
2689	C1orf27	1	1
2690	C2CD5	1	1
2691	C2orf40	1	1
2692	C3orf14	1	1
2693	C4orf36	1	1
2694	C5orf15	1	1
2695	C7orf73	1	1
2696	C8orf44	1	1
2697	C8orf46	1	1
2698	CA11	1	1
2699	CA4	1	1
2700	CABLES2	1	1
2701	CABP1	1	1
2702	CALCOCO1	1	1
2703	CALCOCO2	1	1
2704	CALCRL	1	1
2705	CALM3	1	1
2706	CALR	1	1
2707	CALU	1	1
2708	CAMSAP1	1	1
2709	CAPN7	1	1
2710	CAPS2	1	1
2711	CAPZA2	1	1
2712	CARM1	1	1
2713	CARS2	1	1
2714	CASC4	1	1
2715	CBX7	1	1
2716	CCDC117	1	1
2717	CCDC141	1	1
2718	CCDC18	1	1
2719	CCDC186	1	1
2720	CCDC25	1	1
2721	CCNB1	1	1
2722	CCNG1	1	1
2723	CCNI	1	1
2724	CCNK	1	1
2725	CCNT2	1	1
2726	CCNYL1	1	1
2727	CCPG1	1	1
2728	CCT4	1	1
2729	CD109	1	1
2730	CD209	1	1
2731	CD59	1	1
2732	CD86	1	1
2733	CDC123	1	1
2734	CDYL	1	1
2735	CENPN	1	1
2736	CEP104	1	1
2737	CEP120	1	1
2738	CEP250	1	1
2739	CEP350	1	1
2740	CEP57	1	1
2741	CEP85	1	1
2742	CERK	1	1
2743	CERS6	1	1
2744	CGGBP1	1	1
2745	CH17-472G23.4	1	1
2746	CHAF1A	1	1
2747	CHIC1	1	1
2748	CHKB-CPT1B	1	1
2749	CHMP2B	1	1
2750	CHN1	1	1
2751	CHST10	1	1
2752	CHURC1-FNTB	1	1
2753	CIPC	1	1
2754	CLCN7	1	1
2755	CLEC7A	1	1
2756	CLIC2	1	1
2757	CLINT1	1	1
2758	CLPTM1	1	1
2759	CLTCL1	1	1
2760	CLUH	1	1
2761	CMAS	1	1
2762	CMTR2	1	1
2763	CNKSR3	1	1
2764	CNOT7	1	1
2765	CNOT8	1	1
2766	CNST	1	1
2767	COBLL1	1	1
2768	COG5	1	1
2769	COG6	1	1
2770	COL3A1	1	1
2771	COLQ	1	1
2772	COPB2	1	1
2773	COPS3	1	1
2774	COQ10B	1	1
2775	COQ3	1	1
2776	CORO1C	1	1
2777	CORO6	1	1
2778	COX18	1	1
2779	CPD	1	1
2780	CPM	1	1
2781	CPNE1	1	1
2782	CPSF7	1	1
2783	CRAT	1	1
2784	CREB1	1	1
2785	CSGALNACT1	1	1
2786	CSNK1D	1	1
2787	CSNK1G3	1	1
2788	CTR9	1	1
2789	CTSS	1	1
2790	CUL9	1	1
2791	CWF19L1	1	1
2792	CYB5R1	1	1
2793	CYP2R1	1	1
2794	CYSTM1	1	1
2795	DAAM1	1	1
2796	DARS2	1	1
2797	DAZAP1	1	1
2798	DAZAP2	1	1
2799	DCAF13	1	1
2800	DCAF17	1	1
2801	DCAF7	1	1
2802	DCLK2	1	1
2803	DCTN2	1	1
2804	DCTN4	1	1
2805	DCTN5	1	1
2806	DDB1	1	1
2807	DDI2	1	1
2808	DDO	1	1
2809	DDOST	1	1
2810	DDX19B	1	1
2811	DDX20	1	1
2812	DDX52	1	1
2813	DENND5B	1	1
2814	DENND6A	1	1
2815	DEPDC5	1	1
2816	DGAT2	1	1
2817	DGCR2	1	1
2818	DHRS7	1	1
2819	DHRS7B	1	1
2820	DHX29	1	1
2821	DHX8	1	1
2822	DIABLO	1	1
2823	DIAPH1	1	1
2824	DIP2B	1	1
2825	DIRC2	1	1
2826	DIS3	1	1
2827	DLC1	1	1
2828	DMPK	1	1
2829	DNAJB2	1	1
2830	DNAJB4	1	1
2831	DNAJC10	1	1
2832	DNAJC16	1	1
2833	DNAJC3	1	1
2834	DNAL1	1	1
2835	DNMT1	1	1
2836	DNTTIP2	1	1
2837	DOCK2	1	1
2838	DOK7	1	1
2839	DOLPP1	1	1
2840	DPF2	1	1
2841	DPH5	1	1
2842	DPH7	1	1
2843	DPP7	1	1
2844	DPY19L4	1	1
2845	DROSHA	1	1
2846	DSCR3	1	1
2847	DSTN	1	1
2848	DTNA	1	1
2849	DUS2	1	1
2850	DUSP10	1	1
2851	DUSP13	1	1
2852	DUSP22	1	1
2853	DYNC1H1	1	1
2854	DYNC1LI2	1	1
2855	E2F6	1	1
2856	EAF1	1	1
2857	ECI2	1	1
2858	EDEM1	1	1
2859	EDEM2	1	1
2860	EDEM3	1	1
2861	EEA1	1	1
2862	EEF2KMT	1	1
2863	EEFSEC	1	1
2864	EFNA5	1	1
2865	EFR3B	1	1
2866	EHBP1L1	1	1
2867	EIF2AK1	1	1
2868	EIF3H	1	1
2869	EIF5	1	1
2870	EMC1	1	1
2871	EMSY	1	1
2872	ENO2	1	1
2873	ENTPD4	1	1
2874	EP300	1	1
2875	EP400	1	1
2876	EPS15	1	1
2877	ERAL1	1	1
2878	ERAP1	1	1
2879	ERCC2	1	1
2880	ERMP1	1	1
2881	ERO1A	1	1
2882	ETFA	1	1
2883	ETFDH	1	1
2884	ETHE1	1	1
2885	EXOC5	1	1
2886	EXOSC2	1	1
2887	EXOSC9	1	1
2888	EXTL3	1	1
2889	EYA3	1	1
2890	F8	1	1
2891	FAAP100	1	1
2892	FAM134A	1	1
2893	FAM168A	1	1
2894	FAM208A	1	1
2895	FAM210A	1	1
2896	FAM214A	1	1
2897	FAM21C	1	1
2898	FAM234A	1	1
2899	FAM98A	1	1
2900	FANCI	1	1
2901	FASTKD1	1	1
2902	FBXO10	1	1
2903	FBXO22	1	1
2904	FBXO3	1	1
2905	FCHO2	1	1
2906	FERMT2	1	1
2907	FGD6	1	1
2908	FGFR1OP	1	1
2909	FKBP14	1	1
2910	FKBP5	1	1
2911	FN1	1	1
2912	FNBP1	1	1
2913	FRS2	1	1
2914	FSTL1	1	1
2915	FTSJ1	1	1
2916	FTSJ3	1	1
2917	FXN	1	1
2918	FYTTD1	1	1
2919	GAB2	1	1
2920	GABARAPL1	1	1
2921	GABRA4	1	1
2922	GABRB1	1	1
2923	GALNS	1	1
2924	GAS7	1	1
2925	GAS8	1	1
2926	GCC2	1	1
2927	GDAP1	1	1
2928	GDI2	1	1
2929	GGCT	1	1
2930	GGT5	1	1
2931	GJC1	1	1
2932	GLCCI1	1	1
2933	GLG1	1	1
2934	GMFG	1	1
2935	GMIP	1	1
2936	GNL3	1	1
2937	GNLY	1	1
2938	GNPNAT1	1	1
2939	GOLGA2	1	1
2940	GOLT1B	1	1
2941	GOPC	1	1
2942	GPATCH8	1	1
2943	GPBP1L1	1	1
2944	GPCPD1	1	1
2945	GPD1L	1	1
2946	GPN3	1	1
2947	GPR89B	1	1
2948	GRB2	1	1
2949	GRSF1	1	1
2950	GSTA4	1	1
2951	GTF2E1	1	1
2952	GTF2F1	1	1
2953	GTF2I	1	1
2954	GTPBP1	1	1
2955	GTPBP4	1	1
2956	GYS1	1	1
2957	HACD1	1	1
2958	HACD3	1	1
2959	HACE1	1	1
2960	HARS	1	1
2961	HCFC1	1	1
2962	HCFC2	1	1
2963	HDAC1	1	1
2964	HEG1	1	1
2965	HERC2	1	1
2966	HERC2P3	1	1
2967	HERC3	1	1
2968	HERC6	1	1
2969	HERPUD1	1	1
2970	HEXA	1	1
2971	HIBADH	1	1
2972	HIPK1	1	1
2973	HIVEP2	1	1
2974	HMGCR	1	1
2975	HNMT	1	1
2976	HNRNPM	1	1
2977	HNRNPR	1	1
2978	HSD17B12	1	1
2979	HSD17B4	1	1
2980	HSDL2	1	1
2981	HSPB2-C11orf52	1	1
2982	IARS	1	1
2983	IBTK	1	1
2984	ICE2	1	1
2985	IDI1	1	1
2986	IFRD1	1	1
2987	IFT46	1	1
2988	IGF1R	1	1
2989	IGHMBP2	1	1
2990	IL1RAP	1	1
2991	ILDR2	1	1
2992	ILF3	1	1
2993	INSIG2	1	1
2994	INTS12	1	1
2995	INTS4	1	1
2996	INTS7	1	1
2997	IPO7	1	1
2998	IQCE	1	1
2999	IQGAP1	1	1
3000	IRAK1BP1	1	1
3001	ITCH	1	1
3002	ITGA6	1	1
3003	ITGA9	1	1
3004	ITGAM	1	1
3005	ITGB1BP1	1	1
3006	ITGB3BP	1	1
3007	IZUMO4	1	1
3008	JADE1	1	1
3009	KALRN	1	1
3010	KANSL2	1	1
3011	KARS	1	1
3012	KBTBD11-OT1	1	1
3013	KCTD20	1	1
3014	KCTD7	1	1
3015	KDELC2	1	1
3016	KDELR2	1	1
3017	KDM4B	1	1
3018	KDM5A	1	1
3019	KDSR	1	1
3020	KHSRP	1	1
3021	KIAA0100	1	1
3022	KIAA0586	1	1
3023	KIAA0922	1	1
3024	KIAA1841	1	1
3025	KIF1BP	1	1
3026	KIF5B	1	1
3027	KIZ	1	1
3028	KLC2	1	1
3029	KLHL24	1	1
3030	KLHL25	1	1
3031	KLHL7	1	1
3032	KLHL8	1	1
3033	KNSTRN	1	1
3034	KPNA1	1	1
3035	KPNA4	1	1
3036	KTN1	1	1
3037	LAMA2	1	1
3038	LARS2	1	1
3039	LDHB	1	1
3040	LETMD1	1	1
3041	LGALS3BP	1	1
3042	LILRA6	1	1
3043	LINC00893	1	1
3044	LINC01420	1	1
3045	LIPE	1	1
3046	LMBR1	1	1
3047	LONP2	1	1
3048	LOX	1	1
3049	LPL	1	1
3050	LRP1	1	1
3051	LRP4	1	1
3052	LRP5	1	1
3053	LRP6	1	1
3054	LRP8	1	1
3055	LRRC2	1	1
3056	LRRC28	1	1
3057	LRSAM1	1	1
3058	LSM2	1	1
3059	LTBP1	1	1
3060	LUZP1	1	1
3061	LYPLA2	1	1
3062	LYRM7	1	1
3063	LYSMD4	1	1
3064	LYZ	1	1
3065	MAEL	1	1
3066	MAK16	1	1
3067	MAN2C1	1	1
3068	MANBA	1	1
3069	MAP1B	1	1
3070	MAP2K7	1	1
3071	MAP4	1	1
3072	MAP7D3	1	1
3073	MAPK1	1	1
3074	MAPK14	1	1
3075	MAPK4	1	1
3076	MAPK8	1	1
3077	MAPKAPK5	1	1
3078	MAPRE2	1	1
3079	MARCH6	1	1
3080	MARCO	1	1
3081	MBOAT7	1	1
3082	MCM3	1	1
3083	MCM5	1	1
3084	MCM8	1	1
3085	MCOLN1	1	1
3086	MDGA1	1	1
3087	MDM4	1	1
3088	MECP2	1	1
3089	MED14	1	1
3090	MED29	1	1
3091	MEF2A	1	1
3092	MEGF8	1	1
3093	MEIS1	1	1
3094	METTL15	1	1
3095	METTL2A	1	1
3096	METTL2B	1	1
3097	MFAP3	1	1
3098	MFGE8	1	1
3099	MGAT5	1	1
3100	MGRN1	1	1
3101	MIA3	1	1
3102	MIIP	1	1
3103	MILR1	1	1
3104	MKLN1	1	1
3105	MLEC	1	1
3106	MLPH	1	1
3107	MLX	1	1
3108	MMD	1	1
3109	MMS19	1	1
3110	MON1B	1	1
3111	MORC3	1	1
3112	MORF4L1	1	1
3113	MPP2	1	1
3114	MPP5	1	1
3115	MPPE1	1	1
3116	MPV17L	1	1
3117	MPV17L2	1	1
3118	MRE11A	1	1
3119	MRPL4	1	1
3120	MRPL48	1	1
3121	MRPL49	1	1
3122	MRPS27	1	1
3123	MRPS35	1	1
3124	MRPS36	1	1
3125	MRRF	1	1
3126	MRS2	1	1
3127	MS4A4A	1	1
3128	MS4A6A	1	1
3129	MS4A7	1	1
3130	MSI1	1	1
3131	MSL3	1	1
3132	MSMO1	1	1
3133	MSR1	1	1
3134	MTCH2	1	1
3135	MTHFD1	1	1
3136	MTSS1L	1	1
3137	MYEF2	1	1
3138	MYL12A	1	1
3139	MYO18B	1	1
3140	MYO19	1	1
3141	MYO5A	1	1
3142	MYOF	1	1
3143	MYPN	1	1
3144	NACA	1	1
3145	NAP1L4	1	1
3146	NAPG	1	1
3147	NARS2	1	1
3148	NAV1	1	1
3149	NBEA	1	1
3150	NBEAL1	1	1
3151	NBR1	1	1
3152	NCAPG2	1	1
3153	NCF4	1	1
3154	NCSTN	1	1
3155	NDUFS3	1	1
3156	NECAP1	1	1
3157	NECTIN3	1	1
3158	NEK10	1	1
3159	NEMP1	1	1
3160	NEPRO	1	1
3161	NFATC3	1	1
3162	NFIC	1	1
3163	NFS1	1	1
3164	NGLY1	1	1
3165	NIPA2	1	1
3166	NIPSNAP3B	1	1
3167	NLE1	1	1
3168	NOLC1	1	1
3169	NONO	1	1
3170	NOTCH2	1	1
3171	NPM3	1	1
3172	NR2C1	1	1
3173	NR3C2	1	1
3174	NRDC	1	1
3175	NRDE2	1	1
3176	NRP1	1	1
3177	NSD1	1	1
3178	NSRP1	1	1
3179	NT5C3B	1	1
3180	NT5DC2	1	1
3181	NTMT1	1	1
3182	NUBPL	1	1
3183	NUDT13	1	1
3184	NUP107	1	1
3185	NUP88	1	1
3186	NUP98	1	1
3187	NUTM2B-AS1	1	1
3188	OLFM1	1	1
3189	OLFML2A	1	1
3190	OMA1	1	1
3191	ORC2	1	1
3192	ORC3	1	1
3193	ORC6	1	1
3194	OSBP	1	1
3195	OSGIN1	1	1
3196	OSTC	1	1
3197	OXR1	1	1
3198	P2RX5	1	1
3199	P2RY6	1	1
3200	PACS2	1	1
3201	PACSIN3	1	1
3202	PAF1	1	1
3203	PAFAH1B1	1	1
3204	PAIP1	1	1
3205	PAIP2	1	1
3206	PALM2	1	1
3207	PANK3	1	1
3208	PAPOLA	1	1
3209	PAPOLG	1	1
3210	PARM1	1	1
3211	PARVG	1	1
3212	PBX3	1	1
3213	PCCA	1	1
3214	PCF11	1	1
3215	PCMTD1	1	1
3216	PCNT	1	1
3217	PDE4D	1	1
3218	PDHX	1	1
3219	PDIA3	1	1
3220	PDP1	1	1
3221	PDPR	1	1
3222	PDS5A	1	1
3223	PDXDC2P	1	1
3224	PEAK1	1	1
3225	PELI3	1	1
3226	PEX11A	1	1
3227	PEX3	1	1
3228	PEX5	1	1
3229	PFAS	1	1
3230	PFDN5	1	1
3231	PFKP	1	1
3232	PGAP2	1	1
3233	PGGT1B	1	1
3234	PGM5	1	1
3235	PHACTR2	1	1
3236	PHC3	1	1
3237	PHF10	1	1
3238	PHF23	1	1
3239	PHF3	1	1
3240	PHLPP2	1	1
3241	PHYH	1	1
3242	PHYKPL	1	1
3243	PIAS2	1	1
3244	PICALM	1	1
3245	PICK1	1	1
3246	PIGP	1	1
3247	PIGQ	1	1
3248	PIGU	1	1
3249	PIK3C3	1	1
3250	PIP4K2C	1	1
3251	PISD	1	1
3252	PITRM1	1	1
3253	PKD2	1	1
3254	PKM	1	1
3255	PKN2	1	1
3256	PLA2G4A	1	1
3257	PLBD1	1	1
3258	PLBD2	1	1
3259	PLEC	1	1
3260	PLEKHA2	1	1
3261	PLEKHA4	1	1
3262	PLEKHA5	1	1
3263	PLEKHM2	1	1
3264	PLIN3	1	1
3265	PLPP5	1	1
3266	PLRG1	1	1
3267	PLTP	1	1
3268	PLXNA3	1	1
3269	PLXND1	1	1
3270	PMP22	1	1
3271	PNKP	1	1
3272	PNPLA8	1	1
3273	PNPT1	1	1
3274	POLD3	1	1
3275	POLH	1	1
3276	POLR3A	1	1
3277	POLR3E	1	1
3278	POLR3GL	1	1
3279	POM121C	1	1
3280	PON2	1	1
3281	POT1	1	1
3282	PPP1CB	1	1
3283	PPP1R13B	1	1
3284	PPP1R1C	1	1
3285	PPP1R7	1	1
3286	PPP2R3A	1	1
3287	PPP2R5E	1	1
3288	PPP3CA	1	1
3289	PPP4R2	1	1
3290	PPP5C	1	1
3291	PRADC1	1	1
3292	PRDM10	1	1
3293	PRKACB	1	1
3294	PRKAG2	1	1
3295	PRMT9	1	1
3296	PRODH	1	1
3297	PRPF39	1	1
3298	PRPF40A	1	1
3299	PRPF8	1	1
3300	PSEN1	1	1
3301	PSMA4	1	1
3302	PSMB7	1	1
3303	PSMC5	1	1
3304	PSMD12	1	1
3305	PSMD13	1	1
3306	PSMD5	1	1
3307	PSME3	1	1
3308	PTBP2	1	1
3309	PTCH1	1	1
3310	PTPN1	1	1
3311	PTPN14	1	1
3312	PTPRB	1	1
3313	PTTG1IP	1	1
3314	PUM2	1	1
3315	PYROXD1	1	1
3316	QSOX1	1	1
3317	R3HDM2	1	1
3318	RAB10	1	1
3319	RAB11B	1	1
3320	RAB18	1	1
3321	RAB3GAP2	1	1
3322	RAB6B	1	1
3323	RABEP1	1	1
3324	RABEPK	1	1
3325	RABGAP1	1	1
3326	RABL3	1	1
3327	RACGAP1	1	1
3328	RAD52	1	1
3329	RALGAPA1	1	1
3330	RALGPS2	1	1
3331	RANBP10	1	1
3332	RANBP2	1	1
3333	RANGAP1	1	1
3334	RAPGEF4	1	1
3335	RASSF4	1	1
3336	RAVER1	1	1
3337	RBAK-RBAKDN	1	1
3338	RBM25	1	1
3339	RBM26	1	1
3340	RBM28	1	1
3341	RBSN	1	1
3342	RCAN1	1	1
3343	RCHY1	1	1
3344	RCOR1	1	1
3345	RDH5	1	1
3346	REEP1	1	1
3347	REPS1	1	1
3348	RERE	1	1
3349	RETSAT	1	1
3350	RFK	1	1
3351	RHOA	1	1
3352	RHOBTB1	1	1
3353	RIC8B	1	1
3354	RICTOR	1	1
3355	RIOK3	1	1
3356	RMND1	1	1
3357	RNF10	1	1
3358	RNF11	1	1
3359	RNF123	1	1
3360	RNF168	1	1
3361	RNF185	1	1
3362	RNF38	1	1
3363	RNF4	1	1
3364	RNF41	1	1
3365	RNF7	1	1
3366	ROCK2	1	1
3367	RP11-108O10.8	1	1
3368	RP11-468E2.2	1	1
3369	RP11-481J2.2	1	1
3370	RP11-77K12.1	1	1
3371	RPAP3	1	1
3372	RPGR	1	1
3373	RPL21	1	1
3374	RPL4	1	1
3375	RPL7L1	1	1
3376	RPP30	1	1
3377	RPP38	1	1
3378	RPS2	1	1
3379	RPS24	1	1
3380	RPS6KC1	1	1
3381	RPTOR	1	1
3382	RRAGD	1	1
3383	RRM2B	1	1
3384	RSAD1	1	1
3385	RSF1	1	1
3386	RSPRY1	1	1
3387	RSRC1	1	1
3388	RSU1	1	1
3389	RTN4	1	1
3390	RUFY2	1	1
3391	RYK	1	1
3392	SACM1L	1	1
3393	SACS	1	1
3394	SARNP	1	1
3395	SCAMP2	1	1
3396	SCAPER	1	1
3397	SCLY	1	1
3398	SCYL2	1	1
3399	SEC23IP	1	1
3400	SEC24C	1	1
3401	SEC24D	1	1
3402	SEC61A1	1	1
3403	SEMA4D	1	1
3404	SENP6	1	1
3405	SEPSECS	1	1
3406	SERPINA3	1	1
3407	SETMAR	1	1
3408	SF3B3	1	1
3409	SGCD	1	1
3410	SGK1	1	1
3411	SGMS1	1	1
3412	SGMS2	1	1
3413	SH2D4A	1	1
3414	SH3BP4	1	1
3415	SH3D19	1	1
3416	SH3GLB1	1	1
3417	SHTN1	1	1
3418	SIK3	1	1
3419	SIRT1	1	1
3420	SIX5	1	1
3421	SKIV2L2	1	1
3422	SKP2	1	1
3423	SLAMF8	1	1
3424	SLC13A4	1	1
3425	SLC19A2	1	1
3426	SLC1A3	1	1
3427	SLC25A12	1	1
3428	SLC25A18	1	1
3429	SLC25A24	1	1
3430	SLC27A1	1	1
3431	SLC29A1	1	1
3432	SLC30A3	1	1
3433	SLC30A9	1	1
3434	SLC33A1	1	1
3435	SLC35A5	1	1
3436	SLC35B4	1	1
3437	SLC35E1	1	1
3438	SLC37A4	1	1
3439	SLC38A9	1	1
3440	SLC39A7	1	1
3441	SLC47A1	1	1
3442	SLC4A4	1	1
3443	SLC52A3	1	1
3444	SLC7A2	1	1
3445	SLC7A8	1	1
3446	SLCO5A1	1	1
3447	SLFN11	1	1
3448	SLMAP	1	1
3449	SLTM	1	1
3450	SMAD4	1	1
3451	SMAD9	1	1
3452	SMAP1	1	1
3453	SMARCA1	1	1
3454	SMARCB1	1	1
3455	SMS	1	1
3456	SNCA	1	1
3457	SND1	1	1
3458	SNX12	1	1
3459	SNX17	1	1
3460	SNX19	1	1
3461	SNX6	1	1
3462	SNX7	1	1
3463	SPIDR	1	1
3464	SPIN1	1	1
3465	SPNS1	1	1
3466	SPOP	1	1
3467	SPPL2A	1	1
3468	SPTB	1	1
3469	SRP68	1	1
3470	SRP72	1	1
3471	SRPK2	1	1
3472	SSB	1	1
3473	SSH2	1	1
3474	SSRP1	1	1
3475	ST3GAL1	1	1
3476	ST3GAL4	1	1
3477	ST6GALNAC4	1	1
3478	ST7L	1	1
3479	STAM2	1	1
3480	STAMBP	1	1
3481	STAT5A	1	1
3482	STK24	1	1
3483	STK38L	1	1
3484	STOX2	1	1
3485	STPG1	1	1
3486	STT3A	1	1
3487	STX17	1	1
3488	STX18	1	1
3489	STX8	1	1
3490	SUPT5H	1	1
3491	SYNC	1	1
3492	SYNGR2	1	1
3493	SYNJ2BP-COX16	1	1
3494	TAB3	1	1
3495	TACC1	1	1
3496	TADA2A	1	1
3497	TAOK3	1	1
3498	TATDN3	1	1
3499	TAX1BP1	1	1
3500	TBC1D1	1	1
3501	TBC1D24	1	1
3502	TBC1D31	1	1
3503	TBC1D7	1	1
3504	TBC1D9B	1	1
3505	TBCE	1	1
3506	TBX5	1	1
3507	TCAIM	1	1
3508	TCF12	1	1
3509	TDP1	1	1
3510	TEAD4	1	1
3511	TEC	1	1
3512	TENM2	1	1
3513	TERF1	1	1
3514	TESK1	1	1
3515	TEX2	1	1
3516	TEX30	1	1
3517	TFDP2	1	1
3518	THADA	1	1
3519	THOC5	1	1
3520	THRB	1	1
3521	THUMPD3-AS1	1	1
3522	TIMM23B	1	1
3523	TIMM44	1	1
3524	TIMM50	1	1
3525	TIMM9	1	1
3526	TINAGL1	1	1
3527	TIPIN	1	1
3528	TM2D1	1	1
3529	TMCC1	1	1
3530	TMCO1	1	1
3531	TMED1	1	1
3532	TMEM116	1	1
3533	TMEM123	1	1
3534	TMEM131	1	1
3535	TMEM167A	1	1
3536	TMEM182	1	1
3537	TMEM184B	1	1
3538	TMEM185A	1	1
3539	TMEM209	1	1
3540	TMEM248	1	1
3541	TMEM39A	1	1
3542	TMEM41B	1	1
3543	TMEM53	1	1
3544	TMEM57	1	1
3545	TMEM8A	1	1
3546	TMEM97	1	1
3547	TMOD2	1	1
3548	TMX4	1	1
3549	TNFAIP1	1	1
3550	TNK2	1	1
3551	TNPO3	1	1
3552	TOLLIP	1	1
3553	TOM1	1	1
3554	TOP3A	1	1
3555	TOR3A	1	1
3556	TPCN1	1	1
3557	TPM4	1	1
3558	TPP1	1	1
3559	TRAP1	1	1
3560	TRAPPC6A	1	1
3561	TRAPPC6B	1	1
3562	TRIP11	1	1
3563	TRIP4	1	1
3564	TRIT1	1	1
3565	TRMT2B	1	1
3566	TRMT6	1	1
3567	TROVE2	1	1
3568	TRPV1	1	1
3569	TSC22D2	1	1
3570	TSG101	1	1
3571	TSPAN18	1	1
3572	TSPAN2	1	1
3573	TSSC1	1	1
3574	TTC37	1	1
3575	TUBGCP2	1	1
3576	TULP3	1	1
3577	TUSC3	1	1
3578	TVP23B	1	1
3579	TXNL4A	1	1
3580	TXNRD1	1	1
3581	TYROBP	1	1
3582	U2SURP	1	1
3583	UBAP1	1	1
3584	UBE2A	1	1
3585	UBE2G1	1	1
3586	UBE2H	1	1
3587	UBE2T	1	1
3588	UBR7	1	1
3589	UBXN2B	1	1
3590	UBXN4	1	1
3591	UCHL5	1	1
3592	UGGT1	1	1
3593	UHMK1	1	1
3594	UHRF1BP1L	1	1
3595	ULK2	1	1
3596	UNK	1	1
3597	UPRT	1	1
3598	URGCP	1	1
3599	USP15	1	1
3600	USP16	1	1
3601	USP19	1	1
3602	USP2	1	1
3603	USP24	1	1
3604	USP3	1	1
3605	USP32	1	1
3606	USP39	1	1
3607	UTP14A	1	1
3608	UTRN	1	1
3609	UXS1	1	1
3610	VEZF1	1	1
3611	VIPAS39	1	1
3612	VMP1	1	1
3613	VOPP1	1	1
3614	VPS26B	1	1
3615	VPS35	1	1
3616	VPS37A	1	1
3617	VPS50	1	1
3618	VPS51	1	1
3619	VRK2	1	1
3620	VRK3	1	1
3621	VSTM2L	1	1
3622	WASF2	1	1
3623	WDFY3	1	1
3624	WDR19	1	1
3625	WDR34	1	1
3626	WDR44	1	1
3627	WDR59	1	1
3628	WRAP53	1	1
3629	WRN	1	1
3630	WWP1	1	1
3631	XIAP	1	1
3632	XPC	1	1
3633	XPO1	1	1
3634	XPO5	1	1
3635	XRCC6	1	1
3636	XRN1	1	1
3637	YBX3	1	1
3638	YIPF4	1	1
3639	YLPM1	1	1
3640	YWHAB	1	1
3641	YWHAZ	1	1
3642	YY1	1	1
3643	ZBED3	1	1
3644	ZBTB37	1	1
3645	ZC3H7A	1	1
3646	ZDHHC15	1	1
3647	ZDHHC17	1	1
3648	ZDHHC3	1	1
3649	ZDHHC5	1	1
3650	ZDHHC7	1	1
3651	ZFP64	1	1
3652	ZFR	1	1
3653	ZFYVE21	1	1
3654	ZMYND11	1	1
3655	ZNF134	1	1
3656	ZNF180	1	1
3657	ZNF2	1	1
3658	ZNF236	1	1
3659	ZNF274	1	1
3660	ZNF3	1	1
3661	ZNF317	1	1
3662	ZNF382	1	1
3663	ZNF426	1	1
3664	ZNF529	1	1
3665	ZNF549	1	1
3666	ZNF562	1	1
3667	ZNF608	1	1
3668	ZNF638	1	1
3669	ZNF680	1	1
3670	ZNF684	1	1
3671	ZNF699	1	1
3672	ZNF75A	1	1
3673	ZNF770	1	1
3674	ZNF772	1	1
3675	ZNF791	1	1
3676	ZPR1	1	1
3677	ZSWIM7	1	1
3678	CFAP74	1	1
3679	HSD52	1	1
3680	AIG1	1	1
3681	AJ006998.2	1	1
3682	GGT7	1	1
3683	HPCAL4	1	1
3684	PKP2	1	1
3685	STX2	1	1
3686	TPRG1	1	1
3687	VSIG10	1	1
3688	NME6	1	1
3689	SHH	1	1
3690	AS3MT	1	1
3691	AURKC	1	1
3692	C1orf159	1	1
3693	CAMKV	1	1
3694	CCER2	1	1
3695	CHRD	1	1
3696	CTD-2013N24.2	1	1
3697	DFFB	1	1
3698	DNAJC11	1	1
3699	ECM1	1	1
3700	EFS	1	1
3701	EIF2B4	1	1
3702	GRN	1	1
3703	LIMD2	1	1
3704	OCEL1	1	1
3705	PIK3C2B	1	1
3706	POMT2	1	1
3707	PPM1F	1	1
3708	PRCD	1	1
3709	RAB37	1	1
3710	RP11-190A12.7	1	1
3711	RTBDN	1	1
3712	SELENBP1	1	1
3713	SLC26A9	1	1
3714	SMAD3	1	1
3715	TCF3	1	1
3716	TRIM14	1	1
3717	ZFP69B	1	1
3718	CACNA1A	1	1
3719	ETFBKMT	1	1
3720	ITGB5	1	1
3721	LAMP5	1	1
3722	NELL1	1	1
3723	NTS	1	1
3724	PCSK6	1	1
3725	RP11-356I2.1	1	1
3726	SCRG1	1	1
3727	ALOX15B	1	1
3728	APOC1	1	1
3729	CLK1	1	1
3730	CYP4F8	1	1
3731	HSD17B13	1	1
3732	NELL2	1	1
3733	PCOLCE2	1	1
3734	GSDMD	1	1
3735	PRH1	1	1
3736	RND1	1	1
3737	APOA1	1	1
3738	ARSG	1	1
3739	CFAP221	1	1
3740	CLCNKA	1	1
3741	LRRC34	1	1
